Process	PID	Thread	TID	State	Wall duration (ms)	Avg Wall duration (ms)	Occurrences
kthreadd	2	kworker/1:0	2943	Sleeping	39155.74824	122.745292	319
kthreadd	2	kworker/3:2	8217	Sleeping	39122.98876	180.29027	217
kthreadd	2	present_fence_w	185	Sleeping	39032.51443	16.567281	2356
kthreadd	2	kworker/2:2	8343	Sleeping	39001.3403	99.747673	391
kthreadd	2	frame_update_wo	186	Sleeping	38987.03782	16.590228	2350
kthreadd	2	kworker/0:1H	233	Sleeping	38982.38971	19.878832	1961
kthreadd	2	hps_main	158	Sleeping	38797.20704	99.73575	389
kthreadd	2	ksoftirqd/0	6	Sleeping	38706.07656	111.544889	347
org.mozilla.firefox	9901	JS Watchdog	9989	Sleeping	38601.89478	965.047369	40
/system/bin/surfaceflinger	3534	app	3548	Sleeping	38572.04532	9.943811	3879
kthreadd	2	kworker/1:2H	12396	Sleeping	38532.14345	7.274333	5297
kthreadd	2	display_esd_che	183	Uninterruptible Sleep	38394.19615	1010.373582	38
kthreadd	2	kworker/2:1H	9263	Sleeping	38390.20755	14.714529	2609
/system/bin/surfaceflinger	3534	DispSync	3545	Sleeping	38380.17921	6.671333	5753
kthreadd	2	ksoftirqd/1	15	Sleeping	38146.36044	183.395963	208
kthreadd	2	kworker/3:0H	24523	Sleeping	38028.88465	23.047808	1650
org.mozilla.firefox:tab0	12875	JS Watchdog	12920	Sleeping	38001.01534	974.385008	39
kthreadd	2	mtk charger_hv_	204	Sleeping	37997.8955	974.305012	39
/system/bin/surfaceflinger	3534	SWWatchDog	3634	Sleeping	37997.32796	974.29046	39
kthreadd	2	kworker/u9:2	8133	Sleeping	37943.06879	13.239033	2866
kthreadd	2	kworker/u8:4	10369	Sleeping	37868.14939	49.761037	761
kthreadd	2	kworker/u9:0	10256	Sleeping	37835.55418	12.499357	3027
kthreadd	2	rcu_preempt	7	Sleeping	37722.92393	8.19529	4603
kthreadd	2	kworker/0:1	8123	Sleeping	37658.99593	39.146565	962
kthreadd	2	dmcrypt_write	473	Sleeping	37630.40907	94.076022	400
kthreadd	2	kworker/u9:5	8877	Sleeping	37608.85726	13.786237	2728
kthreadd	2	kworker/u9:1	8199	Sleeping	37592.61339	15.546986	2418
kthreadd	2	ksoftirqd/2	20	Sleeping	37515.15229	183.897805	204
kthreadd	2	kworker/0:3	10972	Sleeping	37486.09767	80.270016	467
/system/bin/surfaceflinger	3534	Binder:3534_4	3882	Sleeping	37463.06206	24.107504	1554
kthreadd	2	kcompactd0	30	Sleeping	37236.12318	730.120062	51
kthreadd	2	pbm	156	Sleeping	37136.29364	2063.127424	18
org.mozilla.firefox	9901	Cache2 I/O	10027	Sleeping	37117.72102	360.366223	103
kthreadd	2	kworker/u8:0	8214	Sleeping	36882.18354	42.151066	875
org.mozilla.firefox:tab0	12875	Binder:12875_3	12893	Sleeping	36830.33098	106.139282	347
org.mozilla.firefox	9901	Timer	10020	Sleeping	36722.99121	153.012463	240
kthreadd	2	kauditd	255	Sleeping	36646.18205	678.633	54
kthreadd	2	kworker/u8:2	9118	Sleeping	36559.58182	95.705711	382
org.mozilla.firefox	9901	StreamTrans #10	13016	Sleeping	36518.45603	73.924	494
org.mozilla.firefox:tab0	12875	Timer	12925	Sleeping	36408.86518	10.950034	3325
kthreadd	2	file-storage	1853	Sleeping	36279.32702	558.143492	65
/system/bin/surfaceflinger	3534	surfaceflinger	3547	Sleeping	36114.07646	1805.703822	20
org.mozilla.firefox	9901	mali-mem-purge	10033	Sleeping	36006.66815	127.68322	282
org.mozilla.firefox	9901	mali-hist-dump	10039	Sleeping	35918.31575	129.669009	277
org.mozilla.firefox	9901	localStorage DB	10277	Sleeping	35841.32059	2108.312975	17
/system/bin/surfaceflinger	3534	HwBinder:3534_1	3575	Sleeping	35831.29382	273.521326	131
org.mozilla.firefox	9901	URL Classifier	10045	Sleeping	35539.02917	182.251431	195
/system/bin/surfaceflinger	3534	surfaceflinger	3551	Sleeping	35484.28501	113.007277	314
/system/bin/surfaceflinger	3534	surfaceflinger	3550	Sleeping	35439.56077	222.890319	159
/system/bin/surfaceflinger	3534	sf	3549	Sleeping	35389.92533	47.759683	741
org.mozilla.firefox	9901	IPDL Background	10046	Sleeping	35349.62485	11.359133	3112
org.mozilla.firefox	9901	GPU completion	10238	Sleeping	35071.58013	97.692423	359
org.mozilla.firefox	9901	mozilla.firefox	9901	Sleeping	34993.42808	17.383719	2013
org.mozilla.firefox	9901	Gecko_IOThread	9981	Sleeping	34755.00964	6.706871	5182
org.mozilla.firefox:tab0	12875	Socket Thread	12918	Sleeping	34740.4868	20.940618	1659
/system/bin/surfaceflinger	3534	surfaceflinger	3534	Sleeping	34627.48931	55.492771	624
kthreadd	2	ksoftirqd/3	25	Sleeping	34529.58307	166.80958	207
media.codec	672	HwBinder:672_C	13105	Sleeping	34501.35714	492.87653	70
org.mozilla.firefox	9901	Binder:9901_6	10937	Sleeping	34468.05653	39.482309	873
/system/bin/surfaceflinger	3534	Binder:3534_3	3727	Sleeping	34461.75275	50.753685	679
org.mozilla.firefox	9901	StreamTrans #10	13075	Sleeping	34277.71343	71.710697	478
org.mozilla.firefox:media	13077	Jit thread pool	13084	Sleeping	34252.61658	1037.958078	33
org.mozilla.firefox:tab0	12875	Chrome_ChildThr	12910	Sleeping	34098.53426	6.792536	5020
org.mozilla.firefox	9901	mali-cmar-backe	10038	Sleeping	34088.41539	18.180488	1875
kthreadd	2	rcu_sched	8	Sleeping	34052.57317	254.12368	134
kthreadd	2	display_idle_de	188	Uninterruptible Sleep	33884.63924	1783.402065	19
kthreadd	2	kworker/3:1	7631	Sleeping	33838.46893	234.989367	144
org.mozilla.firefox:media	13077	HwBinder:13077_	13101	Sleeping	33816.77746	15.526527	2178
org.mozilla.firefox	9901	Binder:9901_2	9918	Sleeping	33745.02475	47.528203	710
org.mozilla.firefox	9901	StreamTrans #11	13097	Sleeping	33688.51359	72.448416	465
media.codec	672	HwBinder:672_10	22343	Sleeping	33474.55458	1239.798317	27
kthreadd	2	mmcqd/0	211	Sleeping	33419.39605	0.703344	47515
org.mozilla.firefox:media	13077	a.firefox:media	13077	Sleeping	33095.24872	11.999727	2758
media.codec	672	MtkOmxVdecThrea	13102	Sleeping	33007.68234	8.190491	4030
media.codec	672	HwBinder:672_8	20342	Sleeping	32781.25196	20.210389	1622
org.mozilla.firefox:tab0	12875	Binder:12875_1	12891	Sleeping	32583.20202	61.94525	526
org.mozilla.firefox:tab0	12875	Thread-3	13072	Sleeping	32500.17178	7.171264	4532
org.mozilla.firefox:media	13077	MediaCodec_loop	13099	Sleeping	32222.2963	4.388165	7343
kthreadd	2	f2fs_discard-25	552	Sleeping	32209.60468	4026.200585	8
org.mozilla.firefox:tab0	12875	Thread-2	13071	Sleeping	32188.0262	5.791296	5558
org.mozilla.firefox:tab0	12875	Thread-4	13083	Sleeping	32108.32525	7.047481	4556
org.mozilla.firefox	9901	GleanAPIPool	9926	Sleeping	31830.03942	2893.639946	11
org.mozilla.firefox:tab0	12875	Binder:12875_2	12892	Sleeping	31789.12309	92.950652	342
org.mozilla.firefox:media	13077	Binder:13077_1	13094	Sleeping	31595.76815	11.32059	2791
org.mozilla.firefox:tab0	12875	Binder:12875_4	13114	Sleeping	31470.8866	33.803315	931
org.mozilla.firefox:media	13077	HeapTaskDaemon	13090	Sleeping	31436.38522	4490.912174	7
media.codec	672	OMXCallbackDisp	13106	Sleeping	31394.27574	12.746356	2463
org.mozilla.firefox:tab0	12875	Thread-5	13070	Sleeping	31345.69386	6.29558	4979
org.mozilla.firefox:tab0	12875	ImageBridgeChld	12942	Sleeping	31299.09504	18.292866	1711
org.mozilla.firefox	9901	Jit thread pool	9907	Sleeping	31289.81913	613.525865	51
org.mozilla.firefox:tab0	12875	MediaTimer #1	13112	Sleeping	31267.83927	11.386685	2746
org.mozilla.firefox:tab0	12875	MediaSupervisor	13074	Sleeping	30886.33972	5.614677	5501
org.mozilla.firefox	9901	StreamTrans #11	13121	Sleeping	30416.68882	82.654045	368
org.mozilla.firefox:tab0	12875	Binder:12875_5	13123	Sleeping	30356.66727	41.527588	731
media.codec	672	HwBinder:672_C	14698	Sleeping	30321.82678	12.724224	2383
kthreadd	2	bat_update_thre	203	Uninterruptible Sleep	30004.18515	7501.046288	4
kthreadd	2	dlpt_notify_thr	60	Sleeping	29999.966	7499.9915	4
kthreadd	2	bat_percent_not	59	Sleeping	29999.96515	7499.991288	4
kthreadd	2	bat_routine_thr	202	Uninterruptible Sleep	29969.67623	201.138766	149
org.mozilla.firefox:media	13077	Binder:13077_3	13096	Sleeping	29965.59347	9.009498	3326
org.mozilla.firefox:media	13077	Binder:13077_2	13095	Sleeping	29773.31921	396.977589	75
org.mozilla.firefox	9901	Thread-23	9984	Sleeping	29638.22027	13.243172	2238
org.mozilla.firefox:media	13077	CodecLooper	13100	Sleeping	29378.7956	2.604272	11281
kthreadd	2	tx_thread	1418	Sleeping	29350.28189	9.404127	3121
org.mozilla.firefox	9901	Gecko	9931	Sleeping	28651.89958	4.848037	5910
org.mozilla.firefox:tab0	12875	JS Helper	12924	Sleeping	28478.17247	1095.314325	26
org.mozilla.firefox:tab0	12875	Thread-6	13122	Sleeping	28477.15292	6.619514	4302
org.mozilla.firefox:tab0	12875	Binder:12875_6	13126	Sleeping	28429.85607	82.885877	343
org.mozilla.firefox:tab0	12875	StreamTrans #2	13058	Sleeping	28359.24769	859.371142	33
org.mozilla.firefox:tab0	12875	JS Helper	12923	Sleeping	28266.40306	1046.903817	27
org.mozilla.firefox	9901	Thread-25	10071	Sleeping	27059.39687	11.167724	2423
org.mozilla.firefox:media	13077	FinalizerWatchd	13093	Sleeping	26936.42177	6734.105442	4
org.mozilla.firefox:media	13077	FinalizerDaemon	13092	Sleeping	26935.75631	6733.939077	4
org.mozilla.firefox:media	13077	ReferenceQueueD	13091	Sleeping	26934.57608	6733.644019	4
kthreadd	2	wdtk-3	224	Sleeping	26079.35999	2897.706665	9
org.mozilla.firefox:tab0	12875	JS Helper	12922	Sleeping	25942.23244	864.741081	30
org.mozilla.firefox:tab0	12875	Binder:12875_7	13127	Sleeping	25661.76557	30.513395	841
org.mozilla.firefox	9901	RenderThread	9971	Sleeping	25439.38639	116.161581	219
kthreadd	2	kworker/3:2H	18820	Sleeping	25077.09382	1791.220987	14
kthreadd	2	kworker/3:0	2923	Sleeping	24835.89664	3547.985234	7
kthreadd	2	ion_history	70	Uninterruptible Sleep	24831.96756	517.332657	48
org.mozilla.firefox	9901	DefaultDispatch	9950	Sleeping	24671.79209	601.751026	41
org.mozilla.firefox	9901	DefaultDispatch	9927	Sleeping	24631.73062	615.793265	40
kthreadd	2	migration/2	19	Sleeping	24628.72277	3518.388967	7
kthreadd	2	migration/1	14	Sleeping	24628.71762	3518.38823	7
kthreadd	2	migration/0	10	Sleeping	24628.66177	3518.380252	7
org.mozilla.firefox	9901	ConnectivityThr	9944	Sleeping	23615.5759	5903.893975	4
org.mozilla.firefox:tab0	12875	MediaSupervisor	13128	Sleeping	23612.00222	5.767465	4094
kthreadd	2	kworker/u8:3	8121	Sleeping	23054.90646	46.109812	500
org.mozilla.firefox	9901	Thread-25	13116	Sleeping	22308.62962	42.091753	530
org.mozilla.firefox:tab0	12875	JS Helper	12921	Sleeping	21972.99189	813.814514	27
kthreadd	2	migration/3	24	Sleeping	21881.82296	3125.974708	7
kthreadd	2	kswapd0	85	Running	21859.81021	2.7815	7859
org.mozilla.firefox:media	13077	Binder:13077_4	13108	Sleeping	21742.21834	8.085614	2689
kthreadd	2	cpuhp/3	23	Sleeping	21724.54748	1671.119037	13
org.mozilla.firefox	9901	StreamTrans #12	13133	Sleeping	21311.80512	112.167395	190
org.mozilla.firefox:tab0	12875	Binder:12875_8	13132	Sleeping	21268.31988	27.657112	769
org.mozilla.firefox:tab0	12875	Jit thread pool	12881	Sleeping	21164.60573	1244.976807	17
media.codec	672	MtkOmxVdecDecod	13103	Sleeping	20609.91464	7.768531	2653
kthreadd	2	mtk_stp_psm	388	Sleeping	20533.94244	977.806782	21
kthreadd	2	btif_rxd	164	Sleeping	20533.48759	977.785123	21
kthreadd	2	mtk_wmtd	390	Sleeping	20525.57459	707.778434	29
kthreadd	2	wdtk-1	220	Sleeping	20479.90674	10239.95337	2
kthreadd	2	wdtk-2	221	Sleeping	20479.86505	10239.93252	2
kthreadd	2	wdtk-0	219	Sleeping	20479.84913	10239.92456	2
/system/bin/surfaceflinger	3534	Binder:3534_5	4093	Sleeping	19045.21478	44.81227	425
org.mozilla.firefox:tab0	12875	StreamTrans #1	13057	Sleeping	17102.35379	633.42051	27
org.mozilla.firefox:tab0	12875	Web Content	12900	Sleeping	17098.76139	7.684836	2225
org.mozilla.firefox	9901	StreamTrans #10	13063	Sleeping	15039.09813	49.963781	301
kthreadd	2	kswapd0	85	Sleeping	12730.3972	86.016197	148
org.mozilla.firefox	9901	pool-7-thread-1	9940	Sleeping	11349.07221	283.726805	40
org.mozilla.firefox:tab0	12875	StreamTrans #4	13065	Sleeping	11230.13481	1247.792757	9
kthreadd	2	ion_history	70	Sleeping	10273.55295	214.032353	48
org.mozilla.firefox:tab0	12875	Binder:12875_9	13160	Sleeping	10079.68686	82.620384	122
org.mozilla.firefox	9901	FinalizerWatchd	9916	Sleeping	10000.04408	5000.022038	2
org.mozilla.firefox:tab0	12875	StreamTrans #3	13064	Sleeping	7938.751334	610.673179	13
org.mozilla.firefox:tab0	12875	Web Content	12900	Running	7888.940431	0.642421	12280
org.mozilla.firefox:tab0	12875	Web Content	12900	Runnable	7275.83441	0.805651	9031
org.mozilla.firefox:media	13077	Binder:13077_5	13161	Sleeping	6343.552647	6.318279	1004
org.mozilla.firefox	9901	Thread-25	13116	Uninterruptible Sleep	6090.752753	11.51371	529
media.codec	672	MtkOmxVdecDecod	13103	Running	6042.804755	0.543808	11112
org.mozilla.firefox	9901	HeapTaskDaemon	9913	Sleeping	5146.717745	735.245392	7
kthreadd	2	tx_thread	1418	Running	4958.381725	0.140416	35312
media.codec	672	MtkOmxVdecDecod	13103	Runnable (Preempted)	4869.81672	0.749663	6496
org.mozilla.firefox	9901	Gecko	9931	Runnable	4665.622544	0.536278	8700
kthreadd	2	kswapd0	85	Runnable (Preempted)	4545.157127	0.591586	7683
kthreadd	2	mmcqd/0	211	Running	4452.357101	0.093364	47688
org.mozilla.firefox	9901	StreamTrans #11	13076	Sleeping	3843.983763	38.439837	100
org.mozilla.firefox:media	13077	CodecLooper	13100	Running	3435.916699	0.25561	13442
org.mozilla.firefox:tab0	12875	la.firefox:tab0	12875	Sleeping	3319.075254	474.153607	7
org.mozilla.firefox	9901	queued-work-loo	9942	Sleeping	3219.645322	321.964532	10
kthreadd	2	ksoftirqd/3	25	Parked	3201.539168	457.362738	7
kthreadd	2	migration/3	24	undefined (non-IO) + No Load + undefined + undefined + undefined + undefined	3193.526089	456.218012	7
kthreadd	2	cpuhp/3	23	Parked	3192.534012	456.076287	7
org.mozilla.firefox	9901	Thread-25	10071	Runnable	3183.325831	0.711834	4472
org.mozilla.firefox	9901	Thread-23	9984	Runnable	3181.459204	0.977406	3255
media.codec	672	MtkOmxVdecDecod	13103	Runnable	3032.24926	0.657469	4612
org.mozilla.firefox:tab0	12875	Web Content	12900	Uninterruptible Sleep + Wake Kill	2930.790976	2.277226	1287
org.mozilla.firefox	9901	DefaultDispatch	9955	Sleeping	2914.649909	291.46499	10
kthreadd	2	display_idle_de	188	Sleeping	2803.468896	2803.468896	1
org.mozilla.firefox:tab0	12875	Thread-5	13070	Runnable	2794.45488	0.428728	6518
org.mozilla.firefox	9901	Thread-25	10071	Running	2778.210444	0.451374	6155
org.mozilla.firefox:tab0	12875	MediaSupervisor	13074	Running	2771.930918	0.402838	6881
org.mozilla.firefox:tab0	12875	Web Content	12900	Runnable (Preempted)	2760.487278	0.973373	2836
org.mozilla.firefox	9901	Gecko	9931	Running	2643.50792	0.226211	11686
org.mozilla.firefox:media	13077	Binder:13077_3	13096	Runnable	2589.794526	0.528529	4900
org.mozilla.firefox:tab0	12875	Chrome_ChildThr	12910	Runnable	2365.952421	0.409972	5771
org.mozilla.firefox:tab0	12875	MediaSupervisor	13074	Runnable	2312.332802	0.365759	6322
org.mozilla.firefox	9901	Gecko_IOThread	9981	Runnable	2274.897747	0.365856	6218
org.mozilla.firefox:media	13077	Binder:13077_4	13108	Runnable	2240.743301	0.520135	4308
org.mozilla.firefox	9901	mozilla.firefox	9901	Running	2219.24657	0.423197	5244
org.mozilla.firefox	9901	Thread-23	9984	Runnable (Preempted)	2097.716646	0.620075	3383
org.mozilla.firefox:tab0	12875	Thread-2	13071	Runnable	2075.440582	0.322875	6428
org.mozilla.firefox:tab0	12875	Thread-2	13071	Running	2046.41447	0.292553	6995
org.mozilla.firefox:media	13077	Binder:13077_1	13094	Runnable	2024.184286	0.53184	3806
media.codec	672	HwBinder:672_C	14698	Running	1933.705616	0.400601	4827
org.mozilla.firefox:tab0	12875	Thread-4	13083	Runnable	1921.298743	0.347243	5533
org.mozilla.firefox:tab0	12875	Thread-3	13072	Runnable	1876.4789	0.343551	5462
org.mozilla.firefox	9901	DefaultDispatch	9949	Sleeping	1874.51511	234.314388	8
kthreadd	2	tx_thread	1418	Runnable	1848.755181	0.055029	33596
org.mozilla.firefox:tab0	12875	Thread-6	13122	Runnable	1809.597495	0.351582	5147
org.mozilla.firefox	9901	IPDL Background	10046	Runnable	1712.984626	0.427925	4003
org.mozilla.firefox:tab0	12875	Thread-5	13070	Running	1707.141678	0.221132	7720
org.mozilla.firefox:tab0	12875	MediaSupervisor	13128	Running	1667.74374	0.324653	5137
org.mozilla.firefox	9901	Gecko	9931	Runnable (Preempted)	1655.286876	0.688841	2403
org.mozilla.firefox:tab0	12875	MediaSupervisor	13128	Runnable	1578.07888	0.331111	4766
org.mozilla.firefox:media	13077	CodecLooper	13100	Runnable	1532.068689	0.124913	12265
kthreadd	2	mmcqd/0	211	Runnable	1502.39356	0.032755	45867
org.mozilla.firefox	9901	Thread-23	9984	Running	1481.425986	0.216424	6845
kthreadd	2	rcu_preempt	7	Runnable	1452.479599	0.309631	4691
org.mozilla.firefox	9901	Thread-25	10071	Runnable (Preempted)	1447.854305	0.916943	1579
org.mozilla.firefox:media	13077	a.firefox:media	13077	Running	1417.754844	0.33351	4251
org.mozilla.firefox:media	13077	Binder:13077_3	13096	Running	1382.862015	0.22449	6160
org.mozilla.firefox:tab0	12875	Thread-3	13072	Running	1282.577371	0.208278	6158
org.mozilla.firefox:media	13077	MediaCodec_loop	13099	Running	1246.903911	0.143553	8686
/system/bin/surfaceflinger	3534	mali-mem-purge	3567	Sleeping	1200.513733	92.34721	13
/system/bin/surfaceflinger	3534	mali-hist-dump	3573	Sleeping	1196.801503	92.061654	13
org.mozilla.firefox:tab0	12875	Timer	12925	Runnable	1169.112214	0.331474	3527
org.mozilla.firefox:tab0	12875	Chrome_ChildThr	12910	Running	1165.855682	0.171449	6800
org.mozilla.firefox:tab0	12875	HTML5 Parser	13059	Sleeping	1165.799423	233.159884	5
kthreadd	2	kworker/u8:0	8214	Uninterruptible Sleep	1152.42412	8.002945	144
org.mozilla.firefox:media	13077	Binder:13077_3	13096	Runnable (Preempted)	1146.168419	0.935647	1225
media.codec	672	MtkOmxVdecThrea	13102	Runnable	1145.332139	0.26648	4298
org.mozilla.firefox:tab0	12875	MediaTimer #1	13112	Runnable	1101.104442	0.364966	3017
org.mozilla.firefox:media	13077	Binder:13077_4	13108	Running	1093.562327	0.207271	5276
org.mozilla.firefox	9901	DefaultExecutor	13073	Sleeping	1084.252032	542.126016	2
org.mozilla.firefox:media	13077	MediaCodec_loop	13099	Runnable	1075.894242	0.134117	8022
org.mozilla.firefox	9901	mozilla.firefox	9901	Runnable	1069.323238	0.261384	4091
org.mozilla.firefox	9901	Gecko_IOThread	9981	Running	1066.820032	0.150256	7100
org.mozilla.firefox:tab0	12875	Thread-4	13083	Running	1051.607562	0.169041	6221
org.mozilla.firefox:media	13077	Binder:13077_1	13094	Running	1043.130708	0.222986	4678
org.mozilla.firefox:tab0	12875	Thread-6	13122	Running	1018.188957	0.17683	5758
org.mozilla.firefox:tab0	12875	Socket Thread	12918	Runnable	1006.913028	0.387423	2599
media.codec	672	OMXCallbackDisp	13106	Runnable	1001.122762	0.338331	2959
org.mozilla.firefox:media	13077	Binder:13077_5	13161	Runnable	953.82068	0.63758	1496
kthreadd	2	kworker/u9:0	10256	Running	934.706639	0.281877	3316
/system/bin/surfaceflinger	3534	Binder:3534_4	3882	Runnable	930.257542	0.484256	1921
org.mozilla.firefox:media	13077	Binder:13077_4	13108	Runnable (Preempted)	906.267091	0.947978	956
media.codec	672	HwBinder:672_8	20342	Running	875.588466	0.244851	3576
media.codec	672	OMXCallbackDisp	13106	Runnable (Preempted)	874.233235	0.732188	1194
kthreadd	2	kworker/u9:2	8133	Running	866.883146	0.280182	3094
kthreadd	2	kworker/u9:5	8877	Running	849.472555	0.284389	2987
org.mozilla.firefox	9901	mali-utility-wo	10037	Sleeping	840.215546	120.030792	7
kthreadd	2	kworker/u8:4	10369	Uninterruptible Sleep	822.413859	6.57931	125
kthreadd	2	kworker/u8:3	8121	Uninterruptible Sleep	820.495697	7.889381	104
/system/bin/surfaceflinger	3534	surfaceflinger	3534	Running	795.052164	1.181355	673
media.codec	672	HwBinder:672_C	14698	Runnable (Preempted)	783.217836	0.393576	1990
media.codec	672	OMXCallbackDisp	13106	Running	772.397513	0.185227	4170
kthreadd	2	kworker/u9:1	8199	Running	745.905069	0.277288	2690
org.mozilla.firefox:tab0	12875	ImageBridgeChld	12942	Runnable	743.03183	0.363874	2042
org.mozilla.firefox:media	13077	a.firefox:media	13077	Runnable	682.063722	0.179254	3805
/system/bin/surfaceflinger	3534	DispSync	3545	Running	668.114749	0.11547	5786
org.mozilla.firefox:tab0	12875	Socket Thread	12918	Running	654.601117	0.214061	3058
org.mozilla.firefox	9901	IPDL Background	10046	Running	652.292669	0.146978	4438
org.mozilla.firefox	9901	mozilla.firefox	9901	Uninterruptible Sleep	646.987063	0.742809	871
org.mozilla.firefox:media	13077	Binder:13077_5	13161	Runnable (Preempted)	645.243445	1.393614	463
org.mozilla.firefox	9901	Binder:9901_6	10937	Running	622.242155	0.379647	1639
org.mozilla.firefox	9901	mali-cmar-backe	10038	Running	615.118166	0.256299	2400
org.mozilla.firefox	9901	GleanAPIPool	9926	Uninterruptible Sleep + Wake Kill	609.986519	12.19973	50
org.mozilla.firefox:media	13077	Binder:13077_1	13094	Runnable (Preempted)	607.636617	0.703283	864
org.mozilla.firefox:tab0	12875	Binder:12875_A	13209	Sleeping	606.804599	7.223864	84
org.mozilla.firefox	9901	Gecko	9931	Uninterruptible Sleep + Wake Kill	604.756133	1.74785	346
media.codec	672	OMXCallbackDisp	13106	Uninterruptible Sleep	603.83529	23.224434	26
org.mozilla.firefox:media	13077	HwBinder:13077_	13101	Running	585.280451	0.232715	2515
media.codec	672	HwBinder:672_8	20342	Runnable (Preempted)	569.099744	0.377137	1509
org.mozilla.firefox:tab0	12875	Chrome_ChildThr	12910	Runnable (Preempted)	560.536068	0.644294	870
kthreadd	2	kworker/0:1	8123	Runnable	546.739512	0.262225	2085
org.mozilla.firefox:tab0	12875	Thread-5	13070	Runnable (Preempted)	522.552139	0.592462	882
org.mozilla.firefox:tab0	12875	Binder:12875_7	13127	Runnable	508.795905	0.501771	1014
/system/bin/surfaceflinger	3534	Binder:3534_4	3882	Running	482.694327	0.16047	3008
org.mozilla.firefox	9901	localStorage DB	10277	Uninterruptible Sleep + Wake Kill	470.735741	7.242088	65
org.mozilla.firefox:tab0	12875	Web Content	12900	Uninterruptible Sleep	469.519356	1.222706	384
org.mozilla.firefox:tab0	12875	Binder:12875_5	13123	Runnable	464.159805	0.512317	906
/system/bin/surfaceflinger	3534	Binder:3534_4	3882	Runnable (Preempted)	442.970776	0.4113	1077
org.mozilla.firefox	9901	GleanAPIPool	9926	Uninterruptible Sleep	438.971979	0.836137	525
org.mozilla.firefox:tab0	12875	Thread-3	13072	Uninterruptible Sleep + Wake Kill	438.875577	6.454052	68
kthreadd	2	kworker/1:2H	12396	Runnable	435.127201	0.081806	5319
org.mozilla.firefox:tab0	12875	Timer	12925	Uninterruptible Sleep	429.817962	30.701283	14
org.mozilla.firefox:tab0	12875	StreamTrans #2	13058	Running	423.280876	2.193165	193
kthreadd	2	hps_main	158	Uninterruptible Sleep	418.467122	6.749469	62
media.codec	672	HwBinder:672_C	14698	Runnable	401.217655	0.141622	2833
org.mozilla.firefox	9901	Jit thread pool	9907	Running	399.418944	0.607943	657
media.codec	672	MtkOmxVdecThrea	13102	Running	398.468525	0.085288	4672
org.mozilla.firefox:tab0	12875	Binder:12875_8	13132	Runnable	397.662122	0.405364	981
org.mozilla.firefox:media	13077	Jit thread pool	13084	Runnable	390.979809	0.694457	563
org.mozilla.firefox	9901	Binder:9901_6	10937	Runnable (Preempted)	388.748341	0.638338	609
org.mozilla.firefox	9901	Jit thread pool	9907	Runnable	388.54652	0.794573	489
org.mozilla.firefox:media	13077	Jit thread pool	13084	Running	386.524039	0.466253	829
org.mozilla.firefox:media	13077	Binder:13077_5	13161	Running	384.350366	0.195002	1971
org.mozilla.firefox:tab0	12875	ImageBridgeChld	12942	Running	383.751985	0.171931	2232
media.codec	672	HwBinder:672_8	20342	Runnable	383.492367	0.18589	2063
kthreadd	2	kworker/u8:0	8214	Runnable	379.641729	0.373295	1017
org.mozilla.firefox	9901	mali-cmar-backe	10038	Runnable	371.144178	0.185479	2001
kthreadd	2	ksoftirqd/0	6	Runnable	370.893266	0.424363	874
/system/bin/surfaceflinger	3534	app	3548	Running	366.501091	0.094483	3879
org.mozilla.firefox	9901	Binder:9901_2	9918	Runnable (Preempted)	365.235259	0.711959	513
org.mozilla.firefox	9901	mozilla.firefox	9901	Runnable (Preempted)	364.320895	0.328217	1110
org.mozilla.firefox:tab0	12875	MediaTimer #1	13112	Uninterruptible Sleep	364.02642	45.503302	8
/system/bin/surfaceflinger	3534	Binder:3534_3	3727	Runnable	359.681645	0.462315	778
kthreadd	2	ion_history	70	Runnable	353.742113	3.573152	99
kthreadd	2	tx_thread	1418	Runnable (Preempted)	349.530599	0.240557	1453
kthreadd	2	kworker/u9:2	8133	Runnable	348.107054	0.129939	2679
kthreadd	2	kworker/0:1	8123	Uninterruptible Sleep	347.788185	0.375176	927
org.mozilla.firefox	9901	Binder:9901_2	9918	Running	345.468288	0.253647	1362
org.mozilla.firefox:tab0	12875	TaskController	13068	Sleeping	343.051648	57.175274	6
org.mozilla.firefox:tab0	12875	TaskController	13066	Sleeping	343.048649	57.174774	6
org.mozilla.firefox:tab0	12875	TaskController	13067	Sleeping	342.749342	68.549868	5
org.mozilla.firefox:tab0	12875	Binder:12875_4	13114	Runnable	338.913572	0.307823	1101
kthreadd	2	kworker/u9:0	10256	Runnable	336.155088	0.118156	2845
org.mozilla.firefox:media	13077	CodecLooper	13100	Runnable (Preempted)	335.183332	0.302239	1109
org.mozilla.firefox:tab0	12875	Timer	12925	Running	334.19901	0.091112	3668
org.mozilla.firefox	9901	Gecko_IOThread	9981	Runnable (Preempted)	333.789892	0.424669	786
kthreadd	2	kworker/u9:5	8877	Runnable	317.31351	0.122514	2590
org.mozilla.firefox:tab0	12875	Thread-3	13072	Runnable (Preempted)	312.494402	0.563052	555
org.mozilla.firefox:media	13077	HeapTaskDaemon	13090	Uninterruptible Sleep + Wake Kill	306.625029	10.573276	29
kthreadd	2	kworker/u9:1	8199	Runnable	301.738489	0.13369	2257
kthreadd	2	kworker/u8:4	10369	Runnable	292.205185	0.337419	866
org.mozilla.firefox	9901	Gecko	9931	Uninterruptible Sleep	289.100798	1.120545	258
org.mozilla.firefox:tab0	12875	MediaTimer #1	13112	Running	283.375248	0.089392	3170
org.mozilla.firefox	9901	StreamTrans #11	13115	Sleeping	281.371797	46.895299	6
org.mozilla.firefox	9901	GleanAPIPool	9926	Runnable	279.958345	0.440879	635
org.mozilla.firefox	9901	Thread-25	13116	Runnable	271.387373	0.24694	1099
org.mozilla.firefox:tab0	12875	Binder:12875_1	12891	Runnable	267.460031	0.421861	634
org.mozilla.firefox	9901	IPDL Background	10046	Runnable (Preempted)	266.57542	0.781746	341
/system/bin/surfaceflinger	3534	DispSync	3545	Runnable	261.42913	0.047121	5548
org.mozilla.firefox	9901	pool-6-thread-2	10514	Running	255.476325	2.480352	103
kthreadd	2	kworker/1:2H	12396	Running	253.381549	0.024216	10463
kthreadd	2	kworker/0:3	10972	Runnable	250.118699	0.268944	930
org.mozilla.firefox:media	13077	HwBinder:13077_	13101	Runnable	249.968093	0.106008	2358
kthreadd	2	kworker/u8:3	8121	Runnable	245.929793	0.408521	602
kthreadd	2	tx_thread	1418	Uninterruptible Sleep	244.42674	0.008131	30059
org.mozilla.firefox:tab0	12875	Thread-6	13122	Runnable (Preempted)	242.58532	0.512865	473
org.mozilla.firefox:tab0	12875	Thread-4	13083	Runnable (Preempted)	237.009581	0.438095	541
org.mozilla.firefox:tab0	12875	Binder:12875_4	13114	Running	234.376732	0.187801	1248
org.mozilla.firefox	9901	RenderThread	9971	Running	234.11464	0.476811	491
/system/bin/surfaceflinger	3534	HwBinder:3534_1	3575	Runnable	230.263478	1.005517	229
kthreadd	2	kworker/u8:2	9118	Uninterruptible Sleep	229.797719	7.181178	32
org.mozilla.firefox:tab0	12875	Chrome_ChildThr	12910	Uninterruptible Sleep	227.346257	7.10457	32
/system/bin/surfaceflinger	3534	GPU completion	26149	Sleeping	225.883175	16.134512	14
org.mozilla.firefox:tab0	12875	Binder:12875_3	12893	Runnable	225.14618	0.497011	453
org.mozilla.firefox	9901	Binder:9901_6	10937	Uninterruptible Sleep + Wake Kill	222.95187	22.295187	10
org.mozilla.firefox:media	13077	Jit thread pool	13084	Runnable (Preempted)	222.038788	0.847476	262
/system/bin/surfaceflinger	3534	mali-cmar-backe	3572	Sleeping	221.3611	5.399051	41
/system/bin/surfaceflinger	3534	Binder:3534_5	4093	Runnable	216.343476	0.460305	470
/system/bin/surfaceflinger	3534	Binder:3534_3	3727	Running	209.936873	0.16944	1239
org.mozilla.firefox:tab0	12875	Binder:12875_7	13127	Running	206.774619	0.187465	1103
org.mozilla.firefox:tab0	12875	Binder:12875_2	12892	Runnable	206.174268	0.440543	468
org.mozilla.firefox	9901	URL Classifier	10045	Runnable	203.253256	0.850432	239
org.mozilla.firefox	9901	HeapTaskDaemon	9913	Running	200.069404	1.370338	146
org.mozilla.firefox	9901	pool-7-thread-1	9940	Runnable	199.348793	0.709426	281
org.mozilla.firefox:tab0	12875	Binder:12875_6	13126	Runnable	199.048565	0.483127	412
org.mozilla.firefox	9901	StreamTrans #10	13075	Runnable	198.891339	0.389983	510
org.mozilla.firefox:tab0	12875	Binder:12875_8	13132	Running	198.709337	0.179017	1110
org.mozilla.firefox:tab0	12875	Thread-6	13122	Uninterruptible Sleep + Wake Kill	189.774862	3.060884	62
org.mozilla.firefox:tab0	12875	Binder:12875_5	13123	Running	185.855181	0.180266	1031
org.mozilla.firefox:media	13077	Binder:13077_3	13096	Uninterruptible Sleep	185.328254	2.154979	86
org.mozilla.firefox	9901	GleanAPIPool	9926	Running	181.281844	0.204376	887
kthreadd	2	kworker/2:1H	9263	Runnable	181.241478	0.069149	2621
org.mozilla.firefox:media	13077	MediaCodec_loop	13099	Runnable (Preempted)	179.558867	0.291019	617
kthreadd	2	ion_mm_heap	63	Sleeping	176.199247	58.733082	3
/system/bin/surfaceflinger	3534	app	3548	Runnable	175.19242	0.04573	3831
kthreadd	2	ksoftirqd/1	15	Runnable (Preempted)	175.001556	8.333407	21
/system/bin/surfaceflinger	3534	Binder:3534_3	3727	Uninterruptible Sleep + Wake Kill	173.757249	14.47977	12
kthreadd	2	kworker/u8:2	9118	Runnable	173.435476	0.425086	408
org.mozilla.firefox	9901	StreamTrans #11	13097	Runnable	172.848022	0.349187	495
kthreadd	2	kworker/u9:0	10256	Runnable (Preempted)	170.932483	0.628428	272
org.mozilla.firefox:tab0	12875	Socket Thread	12918	Uninterruptible Sleep	169.396863	7.058202	24
org.mozilla.firefox	9901	Binder:9901_2	9918	Runnable	162.959161	0.191942	849
org.mozilla.firefox:tab0	12875	Jit thread pool	12881	Runnable	161.947323	0.839105	193
kthreadd	2	rcu_preempt	7	Running	161.943406	0.033914	4775
org.mozilla.firefox	9901	Thread-25	13116	Running	161.183842	0.137999	1168
kthreadd	2	kworker/u8:4	10369	Runnable (Preempted)	159.787711	1.857996	86
org.mozilla.firefox	9901	Jit thread pool	9907	Runnable (Preempted)	159.251855	0.965162	165
org.mozilla.firefox	9901	StreamTrans #10	13016	Runnable	158.934019	0.319786	497
kthreadd	2	kworker/1:2H	12396	Runnable (Preempted)	158.383507	0.03073	5154
org.mozilla.firefox:tab0	12875	Socket Thread	12918	Runnable (Preempted)	157.507332	0.506454	311
org.mozilla.firefox:tab0	12875	ImageBridgeChld	12942	Runnable (Preempted)	157.4071	1.333958	118
/system/bin/surfaceflinger	3534	Binder:3534_3	3727	Runnable (Preempted)	154.941249	0.337562	459
org.mozilla.firefox	9901	Binder:9901_6	10937	Runnable	154.613003	0.150548	1027
kthreadd	2	cpuhp/3	23	Uninterruptible Sleep	154.492784	11.035198	14
kthreadd	2	dmcrypt_write	473	Runnable	154.460409	0.375816	411
kthreadd	2	ksoftirqd/0	6	Running	153.558483	0.161981	948
org.mozilla.firefox:tab0	12875	JS Helper	12921	Running	150.225169	1.164536	129
org.mozilla.firefox	9901	Thread-25	10071	Uninterruptible Sleep + Wake Kill	149.065706	1.252652	119
kthreadd	2	kworker/0:1H	233	Runnable	139.984273	0.071202	1966
org.mozilla.firefox:tab0	12875	Binder:12875_1	12891	Running	138.040327	0.203299	679
kthreadd	2	present_fence_w	185	Runnable	135.520336	0.057037	2376
org.mozilla.firefox	9901	localStorage DB	10277	Runnable	135.439863	0.967427	140
/system/bin/surfaceflinger	3534	Binder:3534_5	4093	Running	134.77954	0.165576	814
org.mozilla.firefox:media	13077	Jit thread pool	13084	Uninterruptible Sleep	134.14971	0.475708	282
org.mozilla.firefox	9901	pool-7-thread-1	9940	Running	133.768709	0.294644	454
kthreadd	2	kworker/u9:5	8877	Runnable (Preempted)	130.183721	0.549298	237
org.mozilla.firefox	9901	SSL Cert #4	13015	Sleeping	127.938936	31.984734	4
org.mozilla.firefox:tab0	12875	Jit thread pool	12881	Running	126.231101	0.426456	296
org.mozilla.firefox	9901	StreamTrans #10	13063	Runnable	125.923935	0.406206	310
kthreadd	2	kworker/u8:4	10369	Running	125.492781	0.128315	978
kthreadd	2	ksoftirqd/3	25	Runnable	125.436387	0.226011	555
kthreadd	2	kworker/2:1H	9263	Running	122.362903	0.023663	5171
org.mozilla.firefox:tab0	12875	Thread-2	13071	Runnable (Preempted)	122.310242	0.403664	303
org.mozilla.firefox	9901	URL Classifier	10045	Running	120.346936	0.41074	293
kthreadd	2	kworker/1:0	2943	Runnable	119.47408	0.372193	321
kthreadd	2	kworker/2:2	8343	Runnable	118.245693	0.301647	392
kthreadd	2	kworker/3:0H	24523	Runnable	117.74225	0.070843	1662
org.mozilla.firefox	9901	GleanAPIPool	9926	Runnable (Preempted)	116.314399	0.476698	244
org.mozilla.firefox:media	13077	Binder:13077_5	13161	Uninterruptible Sleep + Wake Kill	115.230012	38.410004	3
/system/bin/surfaceflinger	3534	Binder:3534_5	4093	Runnable (Preempted)	114.996544	0.334292	344
org.mozilla.firefox	9901	HeapTaskDaemon	9913	Runnable	114.636933	0.924491	124
org.mozilla.firefox:tab0	12875	Thread-4	13083	Uninterruptible Sleep + Wake Kill	114.144944	1.756076	65
kthreadd	2	kworker/u9:2	8133	Runnable (Preempted)	113.914782	0.517794	220
org.mozilla.firefox:media	13077	HeapTaskDaemon	13090	Runnable	112.322861	1.049746	107
kthreadd	2	kworker/0:3	10972	Uninterruptible Sleep	110.684401	0.260433	425
org.mozilla.firefox:media	13077	a.firefox:media	13077	Runnable (Preempted)	108.975861	0.262592	415
org.mozilla.firefox:media	13077	HeapTaskDaemon	13090	Running	108.428009	0.834061	130
kthreadd	2	frame_update_wo	186	Runnable	108.144297	0.045999	2351
kthreadd	2	kworker/0:1	8123	Running	107.360701	0.050617	2121
org.mozilla.firefox:tab0	12875	MediaSupervisor	13074	Runnable (Preempted)	107.218942	0.372287	288
kthreadd	2	ksoftirqd/2	20	Runnable	106.0584	0.348876	304
kthreadd	2	ksoftirqd/1	15	Runnable	105.126845	0.264137	398
org.mozilla.firefox	9901	StreamTrans #11	13121	Runnable	104.380467	0.291565	358
kthreadd	2	kswapd0	85	Runnable	103.699549	0.585873	177
org.mozilla.firefox	9901	RenderThread	9971	Runnable	103.418475	0.298897	346
org.mozilla.firefox	9901	pool-6-thread-2	10514	Runnable	103.225784	1.098146	94
org.mozilla.firefox	9901	mali-cmar-backe	10038	Runnable (Preempted)	102.766781	0.372343	276
media.codec	672	MtkOmxVdecThrea	13102	Runnable (Preempted)	101.328929	0.285433	355
kthreadd	2	kworker/u8:0	8214	Running	101.240922	0.089991	1125
kthreadd	2	kworker/u9:1	8199	Runnable (Preempted)	100.633162	0.388545	259
org.mozilla.firefox:tab0	12875	Binder:12875_2	12892	Running	100.289238	0.194358	516
org.mozilla.firefox	9901	Jit thread pool	9907	Uninterruptible Sleep	100.174552	0.572426	175
org.mozilla.firefox	9901	pool-7-thread-1	9940	Runnable (Preempted)	100.080779	0.58871	170
org.mozilla.firefox	9901	pool-5-thread-3	12796	Sleeping	99.77947	49.889735	2
org.mozilla.firefox	9901	mali-hist-dump	10039	Running	98.70247	0.280404	352
org.mozilla.firefox:tab0	12875	Binder:12875_6	13126	Running	95.947853	0.214648	447
org.mozilla.firefox:media	13077	FinalizerDaemon	13092	Uninterruptible Sleep	95.371087	9.537108	10
org.mozilla.firefox	9901	FinalizerWatchd	9916	Uninterruptible Sleep + Wake Kill	95.340855	31.780285	3
kthreadd	2	kworker/0:1H	233	Running	94.335882	0.024407	3865
org.mozilla.firefox:tab0	12875	Binder:12875_3	12893	Running	90.185478	0.178232	506
org.mozilla.firefox	9901	Timer	10020	Runnable	89.454474	0.350801	255
org.mozilla.firefox:media	13077	a.firefox:media	13077	Uninterruptible Sleep	89.246087	0.487683	183
org.mozilla.firefox:tab0	12875	Binder:12875_8	13132	Runnable (Preempted)	87.385318	0.773321	113
kthreadd	2	ksoftirqd/3	25	Running	86.694866	0.134202	646
media.codec	672	HwBinder:672_C	14698	Uninterruptible Sleep + Wake Kill	85.706165	1.904581	45
org.mozilla.firefox:tab0	12875	Jit thread pool	12881	Runnable (Preempted)	85.647464	0.873953	98
org.mozilla.firefox:tab0	12875	Binder:12875_A	13209	Runnable	82.706776	0.651234	127
kthreadd	2	kswapd0	85	Uninterruptible Sleep	81.769468	7.433588	11
kthreadd	2	hps_main	158	Running	80.571387	0.17592	458
kthreadd	2	kworker/3:0H	24523	Running	78.868679	0.024319	3243
org.mozilla.firefox	9901	StreamTrans #12	13133	Runnable	76.006941	0.301614	252
org.mozilla.firefox	9901	pool-7-thread-1	9940	Uninterruptible Sleep	75.476926	1.006359	75
kthreadd	2	kworker/u8:3	8121	Runnable (Preempted)	75.310702	1.882767	40
kthreadd	2	kworker/2:1H	9263	Runnable (Preempted)	73.579183	0.028741	2560
kthreadd	2	ksoftirqd/0	6	Runnable (Preempted)	73.10901	0.987959	74
org.mozilla.firefox	9901	StreamTrans #13	13188	Sleeping	72.638776	36.319388	2
kthreadd	2	present_fence_w	185	Running	72.539237	0.030529	2376
org.mozilla.firefox:tab0	12875	Binder:12875_A	13209	Uninterruptible Sleep + Wake Kill	71.251929	4.750128	15
org.mozilla.firefox	9901	mali-hist-dump	10039	Runnable	70.702922	0.207339	341
kthreadd	2	kworker/u8:0	8214	Runnable (Preempted)	69.909314	0.822462	85
/system/bin/surfaceflinger	3534	Binder:3534_2	3546	Sleeping	69.600318	3.3143	21
org.mozilla.firefox	9901	GPU completion	10238	Runnable	68.986088	0.185446	372
org.mozilla.firefox:tab0	12875	Binder:12875_5	13123	Runnable (Preempted)	67.41939	0.630087	107
kthreadd	2	ksoftirqd/1	15	Running	66.310318	0.158258	419
org.mozilla.firefox:media	13077	a.firefox:media	13077	Uninterruptible Sleep + Wake Kill	65.399776	1.257688	52
kthreadd	2	kcompactd0	30	Running	65.380311	0.628656	104
/system/bin/surfaceflinger	3534	surfaceflinger	3551	Runnable	64.198629	0.196326	327
org.mozilla.firefox	9901	JS Watchdog	9989	Uninterruptible Sleep + Wake Kill	63.460776	6.346077	10
kthreadd	2	ksoftirqd/2	20	Running	63.226006	0.200717	315
org.mozilla.firefox:tab0	12875	Binder:12875_7	13127	Runnable (Preempted)	63.058782	0.900839	70
org.mozilla.firefox:tab0	12875	Timer	12925	Runnable (Preempted)	61.900779	0.483599	128
kthreadd	2	kworker/0:1H	233	Runnable (Preempted)	61.530753	0.032367	1901
org.mozilla.firefox:tab0	12875	MediaSupervisor	13128	Runnable (Preempted)	61.104237	0.330293	185
org.mozilla.firefox	9901	StreamTrans #11	13113	Sleeping	60.608852	12.12177	5
org.mozilla.firefox	9901	localStorage DB	10277	Runnable (Preempted)	60.109769	0.619688	97
kthreadd	2	kworker/u8:3	8121	Running	58.542234	0.089514	654
org.mozilla.firefox	9901	StreamTrans #13	13189	Sleeping	58.463776	19.487925	3
/system/bin/surfaceflinger	3534	sf	3549	Running	58.199834	0.078542	741
org.mozilla.firefox	9901	Thread-25	10071	Uninterruptible Sleep	57.721699	1.990403	29
org.mozilla.firefox	9901	StreamTrans #13	13190	Sleeping	57.203467	11.440693	5
org.mozilla.firefox:tab0	12875	Socket Thread	12918	Uninterruptible Sleep + Wake Kill	57.097313	2.595332	22
kthreadd	2	ion_mm_heap	63	Runnable (Preempted)	55.841852	9.306975	6
org.mozilla.firefox:media	13077	HeapTaskDaemon	13090	Runnable (Preempted)	55.519852	2.643802	21
org.mozilla.firefox:tab0	12875	Jit thread pool	12881	Uninterruptible Sleep	55.25977	0.49339	112
kthreadd	2	ksoftirqd/2	20	Runnable (Preempted)	55.120776	5.010979	11
kthreadd	2	frame_update_wo	186	Running	55.107572	0.02345	2350
org.mozilla.firefox:tab0	12875	Binder:12875_1	12891	Uninterruptible Sleep	54.552928	6.061436	9
org.mozilla.firefox	9901	mozilla.firefox	9901	Uninterruptible Sleep + Wake Kill	54.287011	1.005315	54
org.mozilla.firefox:media	13077	Jit thread pool	13084	Uninterruptible Sleep + Wake Kill	53.498156	1.02881	52
org.mozilla.firefox	9901	localStorage DB	10277	Running	52.426388	0.220278	238
org.mozilla.firefox:media	13077	Binder:13077_3	13096	Uninterruptible Sleep + Wake Kill	52.150232	2.483344	21
org.mozilla.firefox	9901	mali-mem-purge	10033	Running	50.890697	0.156106	326
kthreadd	2	kworker/3:0H	24523	Runnable (Preempted)	50.864332	0.032111	1584
org.mozilla.firefox:tab0	12875	Thread-5	13070	Uninterruptible Sleep	50.246007	1.522606	33
org.mozilla.firefox	9901	StreamTrans #11	13076	Runnable	49.561236	0.500618	99
org.mozilla.firefox:media	13077	Binder:13077_2	13095	Runnable	49.433157	0.437461	113
kthreadd	2	kcompactd0	30	Runnable (Preempted)	48.4427	0.93159	52
org.mozilla.firefox:tab0	12875	MediaTimer #1	13112	Runnable (Preempted)	48.097081	0.441257	109
kthreadd	2	kworker/3:2	8217	Runnable	47.854241	0.218512	219
org.mozilla.firefox:tab0	12875	Binder:12875_9	13160	Runnable	47.659003	0.305506	156
kthreadd	2	kworker/0:3	10972	Running	47.504097	0.049638	957
org.mozilla.firefox:tab0	12875	StreamTrans #2	13058	Runnable	47.374238	0.311672	152
kthreadd	2	bat_routine_thr	202	Runnable	47.310242	0.278295	170
org.mozilla.firefox:media	13077	CodecLooper	13100	Uninterruptible Sleep + Wake Kill	46.765846	1.113472	42
org.mozilla.firefox:tab0	12875	JS Helper	12921	Runnable	45.834777	0.402059	114
kthreadd	2	kworker/u8:2	9118	Running	45.00969	0.098705	456
org.mozilla.firefox	9901	DefaultDispatch	9927	Runnable	44.909929	0.427713	105
/system/bin/surfaceflinger	3534	HwBinder:3534_1	3575	Running	44.783245	0.128318	349
org.mozilla.firefox:tab0	12875	Binder:12875_7	13127	Uninterruptible Sleep	44.613775	11.153443	4
org.mozilla.firefox	9901	StreamTrans #12	13134	Sleeping	43.915081	14.63836	3
kthreadd	2	present_fence_w	185	Uninterruptible Sleep	43.216772	2.160838	20
kthreadd	2	dmcrypt_write	473	Runnable (Preempted)	42.456381	0.255761	166
org.mozilla.firefox:media	13077	HwBinder:13077_	13101	Runnable (Preempted)	42.165692	0.284903	148
org.mozilla.firefox:tab0	12875	Binder:12875_4	13114	Runnable (Preempted)	41.822773	0.32674	128
org.mozilla.firefox:tab0	12875	Binder:12875_8	13132	Uninterruptible Sleep + Wake Kill	41.276697	6.879449	6
org.mozilla.firefox	9901	mali-mem-purge	10033	Runnable	40.162075	0.134772	298
org.mozilla.firefox	9901	RenderThread	9971	Runnable (Preempted)	40.100689	0.288494	139
kthreadd	2	dmcrypt_write	473	Running	39.377772	0.068364	576
org.mozilla.firefox:media	13077	Binder:13077_2	13095	Running	39.022622	0.251758	155
org.mozilla.firefox	9901	DefaultDispatch	9927	Runnable (Preempted)	39.002155	1.300071	30
org.mozilla.firefox	9901	IPDL Background	10046	Uninterruptible Sleep	38.090542	2.24062	17
org.mozilla.firefox:tab0	12875	ImageBridgeChld	12942	Uninterruptible Sleep	37.012774	2.847136	13
org.mozilla.firefox	9901	Thread-25	13116	Runnable (Preempted)	36.790151	0.541031	68
org.mozilla.firefox	9901	StreamTrans #10	13075	Running	35.527603	0.064949	547
org.mozilla.firefox:tab0	12875	Binder:12875_9	13160	Runnable (Preempted)	35.432542	1.540545	23
org.mozilla.firefox:tab0	12875	ImageIO	12938	Sleeping	35.302233	11.767411	3
/system/bin/surfaceflinger	3534	surfaceflinger	3550	Runnable	35.261	0.21766	162
media.codec	672	MtkOmxVdecDecod	13103	Uninterruptible Sleep + Wake Kill	34.657848	5.776308	6
org.mozilla.firefox	9901	StreamTrans #10	13016	Running	34.558081	0.06633	521
org.mozilla.firefox:media	13077	Binder:13077_5	13161	Uninterruptible Sleep	34.191774	1.628179	21
org.mozilla.firefox	9901	Cache2 I/O	10027	Runnable	34.179323	0.325517	105
org.mozilla.firefox:tab0	12875	Binder:12875_6	13126	Runnable (Preempted)	34.10139	1.17591	29
org.mozilla.firefox	9901	GPU completion	10238	Running	33.902994	0.087604	387
org.mozilla.firefox	9901	Thread-23	9984	Uninterruptible Sleep	33.796463	2.414033	14
org.mozilla.firefox	9901	StreamTrans #11	13097	Running	33.468005	0.063386	528
org.mozilla.firefox:media	13077	Binder:13077_2	13095	Uninterruptible Sleep + Wake Kill	32.929926	5.488321	6
org.mozilla.firefox	9901	DefaultDispatch	9950	Running	32.667158	0.37985	86
/system/bin/surfaceflinger	3534	surfaceflinger	3534	Runnable	32.518074	0.048973	664
org.mozilla.firefox	9901	DefaultDispatch	9927	Running	32.475007	0.240555	135
/system/bin/surfaceflinger	3534	Binder:3534_4	3882	Uninterruptible Sleep + Wake Kill	32.332924	1.796273	18
org.mozilla.firefox	9901	localStorage DB	10277	Uninterruptible Sleep	32.259929	1.612996	20
kthreadd	2	rcu_sched	8	Runnable	31.977851	0.23864	134
org.mozilla.firefox	9901	DefaultDispatch	9955	Running	31.248539	1.249941	25
org.mozilla.firefox	9901	JS Watchdog	9989	Runnable	30.997385	0.596103	52
org.mozilla.firefox:media	13077	Binder:13077_1	13094	Uninterruptible Sleep + Wake Kill	30.858387	3.428709	9
org.mozilla.firefox	9901	StreamTrans #13	13191	Sleeping	30.844235	10.281411	3
org.mozilla.firefox:tab0	12875	Binder:12875_1	12891	Runnable (Preempted)	30.76808	0.932366	33
/system/bin/surfaceflinger	3534	sf	3549	Runnable	30.626537	0.042894	714
org.mozilla.firefox	9901	IPDL Background	10046	Uninterruptible Sleep + Wake Kill	30.580391	1.69891	18
kthreadd	2	mtk charger_hv_	204	Runnable	30.519	0.256462	119
org.mozilla.firefox:tab0	12875	Binder:12875_A	13209	Running	30.482929	0.189334	161
org.mozilla.firefox:tab0	12875	Binder:12875_9	13160	Running	30.073156	0.162557	185
org.mozilla.firefox	9901	Jit thread pool	9907	Uninterruptible Sleep + Wake Kill	29.804467	0.693127	43
org.mozilla.firefox:tab0	12875	JS Helper	12923	Runnable	29.293078	0.480214	61
kthreadd	2	ion_history	70	Runnable (Preempted)	29.125617	4.160802	7
org.mozilla.firefox	9901	StreamTrans #13	13192	Sleeping	29.076696	14.538348	2
org.mozilla.firefox	9901	StreamTrans #11	13120	Runnable	28.43031	7.107577	4
/system/bin/surfaceflinger	3534	surfaceflinger	3551	Running	27.314913	0.068287	400
org.mozilla.firefox	9901	StreamTrans #11	13121	Running	27.041386	0.070788	382
org.mozilla.firefox	9901	DefaultDispatch	9950	Runnable	26.895383	0.373546	72
org.mozilla.firefox	9901	StreamTrans #12	13135	Runnable	26.371772	5.274354	5
org.mozilla.firefox:tab0	12875	JS Watchdog	12920	Runnable (Preempted)	26.210081	2.621008	10
kthreadd	2	kworker/3:1	7631	Runnable	25.785384	0.174225	148
org.mozilla.firefox:tab0	12875	Binder:12875_3	12893	Runnable (Preempted)	24.999461	0.520822	48
org.mozilla.firefox	9901	StreamTrans #11	13115	Runnable	24.70654	3.088317	8
org.mozilla.firefox:tab0	12875	JS Helper	12922	Runnable	24.695001	0.4939	50
kthreadd	2	kworker/u8:2	9118	Runnable (Preempted)	24.553999	0.646157	38
org.mozilla.firefox	9901	StreamTrans #12	13131	Runnable	24.089003	6.02225	4
/system/bin/surfaceflinger	3534	SWWatchDog	3634	Uninterruptible Sleep + Wake Kill	23.828311	1.134681	21
org.mozilla.firefox	9901	JS Helper	9991	Runnable	23.783388	1.189169	20
kthreadd	2	hps_main	158	Runnable	23.486923	0.053137	442
org.mozilla.firefox	9901	StreamTrans #10	13063	Running	23.232921	0.071048	327
kthreadd	2	rcu_preempt	7	Runnable (Preempted)	22.723772	0.284047	80
/system/bin/surfaceflinger	3534	surfaceflinger	3534	Uninterruptible Sleep + Wake Kill	22.699079	1.080908	21
org.mozilla.firefox:tab0	12875	JS Helper	12922	Running	22.187621	0.357864	62
org.mozilla.firefox	9901	HeapTaskDaemon	9913	Runnable (Preempted)	21.688619	1.032791	21
org.mozilla.firefox:tab0	12875	Thread-4	13083	Uninterruptible Sleep	21.399387	1.528527	14
org.mozilla.firefox	9901	StreamTrans #13	13139	Sleeping	21.322773	7.107591	3
org.mozilla.firefox	9901	HeapTaskDaemon	9913	Uninterruptible Sleep + Wake Kill	21.210541	1.178363	18
kthreadd	2	kworker/u9:2	8133	Uninterruptible Sleep	21.209002	5.30225	4
kthreadd	2	ion_mm_heap_for	65	Runnable	21.131924	2.347991	9
org.mozilla.firefox	9901	HWC release	10237	Sleeping	21.109308	5.277327	4
org.mozilla.firefox	9901	StreamTrans #13	13138	Sleeping	21.024849	5.256212	4
org.mozilla.firefox	9901	StreamTrans #11	13119	Runnable	20.804924	3.467487	6
org.mozilla.firefox	9901	FinalizerDaemon	9915	Running	20.70938	0.262144	79
media.codec	672	OMXCallbackDisp	13106	Uninterruptible Sleep + Wake Kill	20.298542	3.38309	6
org.mozilla.firefox	9901	ReferenceQueueD	9914	Running	20.24731	0.7499	27
kthreadd	2	ksoftirqd/3	25	Runnable (Preempted)	20.151922	0.221449	91
org.mozilla.firefox:media	13077	Binder:13077_2	13095	Runnable (Preempted)	20.079772	0.501994	40
org.mozilla.firefox	9901	StreamTrans #13	13193	Sleeping	19.990387	9.995193	2
/system/bin/surfaceflinger	3534	HwBinder:3534_1	3575	Runnable (Preempted)	19.843614	0.168166	118
org.mozilla.firefox:tab0	12875	Thread-5	13070	Uninterruptible Sleep + Wake Kill	19.69508	1.515006	13
kthreadd	2	dlpt_notify_thr	60	Uninterruptible Sleep	19.284079	1.928407	10
org.mozilla.firefox	9901	StreamTrans #13	13192	Runnable	19.096617	2.728088	7
kthreadd	2	kauditd	255	Runnable	19.004929	0.358583	53
/system/bin/surfaceflinger	3534	Binder:3534_2	3546	Runnable	18.73954	0.669269	28
org.mozilla.firefox	9901	StreamTrans #13	13192	Uninterruptible Sleep + Wake Kill	18.298156	9.149078	2
org.mozilla.firefox:tab0	12875	Binder:12875_4	13114	Uninterruptible Sleep	18.247924	6.082641	3
org.mozilla.firefox	9901	Thread-23	9984	Uninterruptible Sleep + Wake Kill	18.192616	1.212841	15
org.mozilla.firefox:tab0	12875	Binder:12875_9	13160	Uninterruptible Sleep + Wake Kill	17.994387	3.598877	5
kthreadd	2	kworker/2:2	8343	Running	17.967926	0.044807	401
org.mozilla.firefox	9901	FinalizerDaemon	9915	Uninterruptible Sleep + Wake Kill	17.78731	0.936174	19
media.codec	672	HwBinder:672_C	13105	Runnable	17.744921	0.239796	74
org.mozilla.firefox	9901	JS Helper	9991	Uninterruptible Sleep + Wake Kill	17.713849	1.771384	10
org.mozilla.firefox	9901	StreamTrans #11	13110	Runnable	17.651771	5.883923	3
org.mozilla.firefox	9901	StreamTrans #11	13113	Runnable	17.487541	3.497508	5
kthreadd	2	cpuhp/3	23	Runnable (Preempted)	17.421156	0.424906	41
org.mozilla.firefox:tab0	12875	JS Helper	12923	Running	17.341926	0.228183	76
org.mozilla.firefox	9901	Timer	10020	Running	16.955308	0.064962	261
kthreadd	2	bat_routine_thr	202	Running	16.928606	0.098422	172
org.mozilla.firefox:tab0	12875	JS Helper	12924	Running	16.90477	0.286521	59
org.mozilla.firefox	9901	mali-hist-dump	10039	Uninterruptible Sleep + Wake Kill	16.670155	2.38145	7
kthreadd	2	mtk charger_hv_	204	Uninterruptible Sleep	16.625696	0.213149	78
org.mozilla.firefox:tab0	12875	Jit thread pool	12881	Uninterruptible Sleep + Wake Kill	16.551232	0.662049	25
org.mozilla.firefox:tab0	12875	JS Watchdog	12920	Runnable	16.531467	0.344405	48
org.mozilla.firefox	9901	mali-cmar-backe	10038	Uninterruptible Sleep	16.296848	0.179086	91
org.mozilla.firefox	9901	StreamTrans #12	13133	Running	16.249306	0.056225	289
org.mozilla.firefox	9901	StreamTrans #13	13189	Runnable	15.963078	3.990769	4
org.mozilla.firefox	9901	JS Helper	9991	Runnable (Preempted)	15.952385	2.278912	7
org.mozilla.firefox:tab0	12875	JS Helper	12924	Uninterruptible Sleep + Wake Kill	15.673463	1.567346	10
org.mozilla.firefox:tab0	12875	Binder:12875_A	13209	Runnable (Preempted)	15.644078	0.625763	25
org.mozilla.firefox:tab0	12875	JS Helper	12924	Runnable	15.125157	0.321811	47
media.codec	672	HwBinder:672_10	22343	Running	15.091927	0.188649	80
org.mozilla.firefox	9901	StreamTrans #11	13119	Sleeping	15.067694	3.766923	4
kthreadd	2	kworker/1:0	2943	Running	15.053152	0.04534	332
media.codec	672	HwBinder:672_8	20342	Uninterruptible Sleep	14.765154	1.640572	9
org.mozilla.firefox:tab0	12875	la.firefox:tab0	12875	Running	14.740083	0.283463	52
org.mozilla.firefox:media	13077	HwBinder:13077_	13101	Uninterruptible Sleep + Wake Kill	14.672694	7.336347	2
media.codec	672	HwBinder:672_10	22343	Runnable (Preempted)	14.59131	0.355885	41
org.mozilla.firefox:tab0	12875	MediaSupervisor	13128	Uninterruptible Sleep + Wake Kill	14.292229	1.299293	11
org.mozilla.firefox:tab0	12875	JS Helper	12921	Runnable (Preempted)	14.153308	1.179442	12
org.mozilla.firefox:tab0	12875	ImageBridgeChld	12942	Uninterruptible Sleep + Wake Kill	14.125232	2.354205	6
org.mozilla.firefox:tab0	12875	StreamTrans #2	13058	Uninterruptible Sleep	14.103925	0.881495	16
kthreadd	2	kworker/1:0	2943	Runnable (Preempted)	14.010693	1.273699	11
org.mozilla.firefox	9901	DefaultDispatch	9927	Uninterruptible Sleep	13.896157	0.375571	37
media.codec	672	MtkOmxVdecDecod	13103	Uninterruptible Sleep	13.750848	0.982203	14
org.mozilla.firefox:tab0	12875	Binder:12875_2	12892	Runnable (Preempted)	13.542228	0.307777	44
org.mozilla.firefox:tab0	12875	Thread-3	13072	Uninterruptible Sleep	13.513308	0.39745	34
org.mozilla.firefox	9901	StreamTrans #13	13140	Runnable	13.37577	6.687885	2
media.codec	672	HwBinder:672_C	14698	Uninterruptible Sleep	13.215768	0.881051	15
org.mozilla.firefox	9901	queued-work-loo	9942	Runnable	13.047999	0.483259	27
org.mozilla.firefox	9901	StreamTrans #11	13110	Sleeping	12.978771	3.244692	4
kthreadd	2	pbm	156	Runnable	12.927155	0.517086	25
/system/bin/surfaceflinger	3534	mali-cmar-backe	3572	Running	12.831923	0.278954	46
org.mozilla.firefox	9901	ReferenceQueueD	9914	Sleeping	12.773692	4.257897	3
org.mozilla.firefox	9901	StreamTrans #11	13107	Sleeping	12.588385	6.294192	2
kthreadd	2	kworker/0:1	8123	Runnable (Preempted)	12.58831	0.349675	36
org.mozilla.firefox:media	13077	Binder:13077_1	13094	Uninterruptible Sleep	12.504462	0.658129	19
kthreadd	2	mtk charger_hv_	204	Running	12.461077	0.093692	133
org.mozilla.firefox:media	13077	Binder:13077_4	13108	Uninterruptible Sleep	11.89577	1.982628	6
org.mozilla.firefox:tab0	12875	Chrome_ChildThr	12910	Uninterruptible Sleep + Wake Kill	11.831077	1.183107	10
org.mozilla.firefox	9901	URL Classifier	10045	Uninterruptible Sleep + Wake Kill	11.824309	2.956077	4
/system/bin/surfaceflinger	3534	surfaceflinger	3551	Runnable (Preempted)	11.814391	0.166399	71
kthreadd	2	cpuhp/3	23	Running	11.674385	0.155658	75
org.mozilla.firefox	9901	StreamTrans #12	13129	Runnable (Preempted)	11.589694	11.589694	1
org.mozilla.firefox	9901	StreamTrans #12	13135	Sleeping	11.536308	2.884077	4
org.mozilla.firefox	9901	URL Classifier	10045	Runnable (Preempted)	11.437922	0.71487	16
/system/bin/surfaceflinger	3534	DispSync	3545	Uninterruptible Sleep	11.255999	0.511636	22
kthreadd	2	kcompactd0	30	Runnable	11.152465	0.21447	52
org.mozilla.firefox	9901	FinalizerDaemon	9915	Uninterruptible Sleep	11.134771	0.265113	42
/system/bin/surfaceflinger	3534	Binder:3534_2	3546	Running	11.075998	0.257581	43
org.mozilla.firefox	9901	JS Watchdog	9989	Running	11.053082	0.175445	63
org.mozilla.firefox:tab0	12875	JS Helper	12922	Runnable (Preempted)	11.047307	1.227478	9
org.mozilla.firefox:tab0	12875	Binder:12875_6	13126	Uninterruptible Sleep	10.968307	3.656102	3
org.mozilla.firefox:tab0	12875	JS Helper	12923	Runnable (Preempted)	10.751693	0.827053	13
org.mozilla.firefox	9901	RenderThread	9971	Uninterruptible Sleep	10.48231	0.58235	18
org.mozilla.firefox:tab0	12875	MediaSupervisor	13074	Uninterruptible Sleep + Wake Kill	10.367924	1.481132	7
org.mozilla.firefox	9901	FinalizerDaemon	9915	Runnable	10.07285	0.159886	63
org.mozilla.firefox	9901	mali-mem-purge	10033	Runnable (Preempted)	9.875157	0.548619	18
kthreadd	2	mtk_wmtd	390	Runnable	9.874772	0.282136	35
org.mozilla.firefox	9901	JS Helper	9991	Running	9.768308	0.361789	27
org.mozilla.firefox	9901	DefaultDispatch	9950	Uninterruptible Sleep + Wake Kill	9.763616	1.220452	8
org.mozilla.firefox	9901	pool-16-thread-	10019	Runnable (Preempted)	9.698851	0.484942	20
/system/bin/surfaceflinger	3534	surfaceflinger	3550	Running	9.565316	0.057622	166
org.mozilla.firefox:tab0	12875	StreamTrans #1	13057	Runnable	9.483772	0.316125	30
kthreadd	2	kworker/0:3	10972	Runnable (Preempted)	9.481384	0.326944	29
org.mozilla.firefox:tab0	12875	JS Helper	12923	Uninterruptible Sleep + Wake Kill	9.399077	0.854461	11
org.mozilla.firefox	9901	DefaultExecutor	13073	Runnable (Preempted)	9.35577	4.677885	2
org.mozilla.firefox	9901	StreamTrans #12	13125	Runnable	9.102232	0.535425	17
org.mozilla.firefox	9901	StreamTrans #12	13137	Runnable	9.054463	4.527231	2
/system/bin/surfaceflinger	3534	SWWatchDog	3634	Running	8.764379	0.146072	60
kthreadd	2	cpuhp/3	23	Runnable	8.61277	0.253316	34
org.mozilla.firefox	9901	mali-hist-dump	10039	Uninterruptible Sleep	8.580232	4.290116	2
kthreadd	2	kworker/3:2	8217	Running	8.541305	0.038474	222
org.mozilla.firefox	9901	StreamTrans #13	13178	Runnable	8.496	2.124	4
org.mozilla.firefox	9901	StreamTrans #13	13138	Uninterruptible Sleep + Wake Kill	8.457693	8.457693	1
org.mozilla.firefox	9901	ReferenceQueueD	9914	Uninterruptible Sleep + Wake Kill	8.282847	0.828284	10
org.mozilla.firefox:tab0	12875	Binder:12875_3	12893	Uninterruptible Sleep	8.240616	2.746872	3
org.mozilla.firefox:media	13077	FinalizerDaemon	13092	Runnable	8.224696	0.483805	17
org.mozilla.firefox	9901	JS Helper	9991	Sleeping	8.065461	4.03273	2
/system/bin/surfaceflinger	3534	Binder:3534_2	3546	Runnable (Preempted)	7.907232	0.564802	14
/system/bin/surfaceflinger	3534	surfaceflinger	3547	Runnable	7.906539	0.292834	27
org.mozilla.firefox:tab0	12875	Binder:12875_8	13132	Uninterruptible Sleep	7.848539	1.308089	6
kthreadd	2	pbm	156	Uninterruptible Sleep	7.844231	1.568846	5
org.mozilla.firefox	9901	Adjust-pool-41-	11071	Running	7.795464	0.222727	35
org.mozilla.firefox	9901	StreamTrans #11	13120	Sleeping	7.725232	3.862616	2
media.codec	672	HwBinder:672_10	22343	Runnable	7.646458	0.196063	39
org.mozilla.firefox	9901	StreamTrans #13	13138	Runnable	7.5	1.25	6
org.mozilla.firefox	9901	Binder:9901_2	9918	Uninterruptible Sleep	7.36877	1.052681	7
org.mozilla.firefox:media	13077	MediaCodec_loop	13099	Uninterruptible Sleep + Wake Kill	7.351694	1.225282	6
org.mozilla.firefox	9901	DefaultDispatch	9949	Runnable	7.285539	0.728553	10
org.mozilla.firefox:tab0	12875	StreamTrans #2	13058	Runnable (Preempted)	7.277313	0.207923	35
org.mozilla.firefox	9901	Binder:9901_6	10937	Uninterruptible Sleep	7.230922	0.482061	15
org.mozilla.firefox:tab0	12875	MediaSupervisor	13074	Uninterruptible Sleep	7.200229	0.553863	13
org.mozilla.firefox	9901	pool-6-thread-2	10514	Uninterruptible Sleep + Wake Kill	7.181464	0.79794	9
org.mozilla.firefox	9901	pool-16-thread-	10019	Runnable	7.166997	0.265444	27
org.mozilla.firefox:tab0	12875	JS Helper	12922	Uninterruptible Sleep + Wake Kill	7.156615	0.894576	8
org.mozilla.firefox:tab0	12875	la.firefox:tab0	12875	Runnable	7.143692	0.174236	41
org.mozilla.firefox	9901	StreamTrans #11	13076	Running	7.116699	0.068429	104
org.mozilla.firefox	9901	Cache2 I/O	10027	Running	7.115686	0.067129	106
org.mozilla.firefox	9901	RenderThread	9971	Uninterruptible Sleep + Wake Kill	7.050078	0.542313	13
org.mozilla.firefox	9901	Adjust-pool-41-	11071	Uninterruptible Sleep	7.028459	0.281138	25
org.mozilla.firefox	9901	JS Helper	9992	Running	7.025542	0.369765	19
org.mozilla.firefox	9901	queued-work-loo	9942	Uninterruptible Sleep	7.009536	0.778837	9
org.mozilla.firefox:tab0	12875	StreamTrans #2	13058	Uninterruptible Sleep + Wake Kill	6.993463	1.165577	6
org.mozilla.firefox	9901	queued-work-loo	9942	Running	6.983466	0.179063	39
org.mozilla.firefox:media	13077	MediaCodec_loop	13099	Uninterruptible Sleep	6.976232	0.634202	11
org.mozilla.firefox:media	13077	CodecLooper	13100	Uninterruptible Sleep	6.872233	0.687223	10
org.mozilla.firefox	9901	DefaultDispatch	9955	Uninterruptible Sleep + Wake Kill	6.757154	0.675715	10
/system/bin/surfaceflinger	3534	DispSync	3545	Uninterruptible Sleep + Wake Kill	6.747692	0.749743	9
org.mozilla.firefox:tab0	12875	JS Watchdog	12920	Uninterruptible Sleep	6.632	2.210666	3
kthreadd	2	ion_mm_heap_for	65	Sleeping	6.607693	0.734188	9
org.mozilla.firefox	9901	StreamTrans #13	13140	Runnable (Preempted)	6.482539	6.482539	1
kthreadd	2	display_esd_che	183	Running	6.475615	0.17041	38
org.mozilla.firefox	9901	hwuiTask1	10260	Runnable	6.443155	2.147718	3
org.mozilla.firefox:tab0	12875	la.firefox:tab0	12875	Uninterruptible Sleep	6.405922	0.457565	14
org.mozilla.firefox:tab0	12875	JS Watchdog	12920	Uninterruptible Sleep + Wake Kill	6.314694	1.262938	5
org.mozilla.firefox	9901	pool-16-thread-	10019	Running	6.237842	0.13272	47
org.mozilla.firefox	9901	StreamTrans #13	13140	Sleeping	6.23054	3.11527	2
org.mozilla.firefox	9901	StreamTrans #12	13136	Runnable	6.208693	2.069564	3
org.mozilla.firefox:tab0	12875	JS Watchdog	12920	Running	6.140302	0.105867	58
org.mozilla.firefox:tab0	12875	Thread-2	13071	Uninterruptible Sleep + Wake Kill	6.079076	1.519769	4
org.mozilla.firefox:tab0	12875	StyleThread#2	13062	Runnable	6.03308	0.603308	10
org.mozilla.firefox	9901	pool-16-thread-	10019	Uninterruptible Sleep	5.91039	0.268654	22
org.mozilla.firefox	9901	Binder:9901_2	9918	Uninterruptible Sleep + Wake Kill	5.881541	0.735192	8
org.mozilla.firefox	9901	mali-mem-purge	10033	Uninterruptible Sleep + Wake Kill	5.837462	1.167492	5
kthreadd	2	pbm	156	Running	5.823385	0.223976	26
org.mozilla.firefox	9901	pool-8-thread-3	13069	Running	5.760615	0.480051	12
org.mozilla.firefox	9901	Adjust-pool-41-	11071	Runnable	5.74754	0.198191	29
kthreadd	2	file-storage	1853	Runnable	5.724617	0.184665	31
org.mozilla.firefox:tab0	12875	JS Helper	12921	Uninterruptible Sleep + Wake Kill	5.70446	0.633828	9
kthreadd	2	kworker/3:1	7631	Running	5.673847	0.038079	149
kthreadd	2	mtk_stp_psm	388	Runnable	5.644618	0.268791	21
kthreadd	2	dlpt_notify_thr	60	Runnable	5.611844	0.374122	15
kthreadd	2	kworker/u9:0	10256	Uninterruptible Sleep	5.513001	0.689125	8
org.mozilla.firefox:tab0	12875	StreamTrans #1	13057	Running	5.48877	0.156822	35
/system/bin/surfaceflinger	3534	surfaceflinger	3547	Running	5.439156	0.175456	31
media.codec	672	HwBinder:672_C	13105	Running	5.428932	0.06872	79
kthreadd	2	migration/0	10	Running	5.410768	0.772966	7
org.mozilla.firefox:media	13077	HeapTaskDaemon	13090	Uninterruptible Sleep	5.405	0.600555	9
kthreadd	2	f2fs_discard-25	552	Runnable	5.37346	0.671682	8
kthreadd	2	hps_main	158	Runnable (Preempted)	5.365153	0.76645	7
kthreadd	2	migration/2	19	Running	5.319155	0.759879	7
kthreadd	2	mmcqd/0	211	Uninterruptible Sleep	5.304845	0.031204	170
org.mozilla.firefox	9901	StreamTrans #11	13115	Runnable (Preempted)	5.234615	1.308653	4
org.mozilla.firefox	9901	StreamTrans #12	13131	Sleeping	5.22154	2.61077	2
org.mozilla.firefox	9901	StreamTrans #11	13118	Sleeping	5.220617	2.610308	2
kthreadd	2	kworker/u9:4	7927	Runnable	5.189385	2.594692	2
org.mozilla.firefox	9901	JS Helper	9992	Uninterruptible Sleep + Wake Kill	5.170002	0.64625	8
org.mozilla.firefox	9901	StreamTrans #12	13136	Sleeping	5.115463	1.705154	3
kthreadd	2	migration/1	14	Running	5.11477	0.730681	7
kthreadd	2	ion_history	70	Running	5.076776	0.04835	105
org.mozilla.firefox:tab0	12875	StreamTrans #4	13065	Runnable	5.040999	0.504099	10
org.mozilla.firefox	9901	DefaultDispatch	9949	Running	4.935771	0.379674	13
/system/bin/surfaceflinger	3534	surfaceflinger	3534	Uninterruptible Sleep	4.911618	0.613952	8
org.mozilla.firefox	9901	ReferenceQueueD	9914	Runnable	4.893617	0.24468	20
org.mozilla.firefox	9901	FinalizerDaemon	9915	Runnable (Preempted)	4.886696	0.349049	14
org.mozilla.firefox	9901	StreamTrans #10	13063	Runnable (Preempted)	4.871616	1.623872	3
org.mozilla.firefox:tab0	12875	StreamTrans #1	13057	Uninterruptible Sleep + Wake Kill	4.839846	1.613282	3
kthreadd	2	display_idle_de	188	Runnable	4.671306	0.233565	20
org.mozilla.firefox	9901	JS Watchdog	9989	Runnable (Preempted)	4.547	0.413363	11
org.mozilla.firefox	9901	StreamTrans #12	13130	Runnable	4.506154	2.253077	2
/system/bin/surfaceflinger	3534	mali-mem-purge	3567	Running	4.489387	0.280586	16
org.mozilla.firefox	9901	JS Helper	9992	Runnable	4.46515	0.297676	15
org.mozilla.firefox	9901	StreamTrans #11	13118	Runnable (Preempted)	4.374	2.187	2
org.mozilla.firefox:tab0	12875	JS Helper	12924	Runnable (Preempted)	4.340692	0.361724	12
org.mozilla.firefox	9901	StreamTrans #11	13097	Runnable (Preempted)	4.296616	0.613802	7
org.mozilla.firefox	9901	JS Helper	9990	Runnable	4.228232	2.114116	2
kthreadd	2	btif_rxd	164	Runnable	4.207157	0.20034	21
/system/bin/surfaceflinger	3534	mali-hist-dump	3573	Running	4.115384	0.19597	21
kthreadd	2	file-storage	1853	Running	4.000072	0.058824	68
org.mozilla.firefox	9901	mali-utility-wo	10037	Running	3.976464	0.397646	10
org.mozilla.firefox	9901	StreamTrans #11	13121	Runnable (Preempted)	3.964769	0.566395	7
org.mozilla.firefox	9901	GPU completion	10238	Runnable (Preempted)	3.959385	0.329948	12
/system/bin/surfaceflinger	3534	mali-hist-dump	3573	Runnable	3.95331	0.188252	21
org.mozilla.firefox	9901	pool-6-thread-2	10514	Runnable (Preempted)	3.911385	0.558769	7
org.mozilla.firefox	9901	DefaultDispatch	9955	Runnable	3.908693	0.156347	25
org.mozilla.firefox	9901	Thread-25	13116	Uninterruptible Sleep + Wake Kill	3.823384	1.911692	2
org.mozilla.firefox	9901	ConnectivityThr	9944	Running	3.807153	0.634525	6
media.codec	672	HwBinder:672_10	22343	Uninterruptible Sleep	3.791769	3.791769	1
kthreadd	2	rcu_sched	8	Running	3.789851	0.028072	135
kthreadd	2	kauditd	255	Running	3.712079	0.064001	58
org.mozilla.firefox:media	13077	ReferenceQueueD	13091	Uninterruptible Sleep	3.631153	0.72623	5
kthreadd	2	ion_mm_heap	63	Running	3.550924	0.394547	9
/system/bin/surfaceflinger	3534	Binder:3534_1	3543	Runnable (Preempted)	3.532231	1.17741	3
org.mozilla.firefox:media	13077	ReferenceQueueD	13091	Runnable (Preempted)	3.49177	0.872942	4
org.mozilla.firefox:media	13077	SharedPreferenc	13098	Runnable (Preempted)	3.485232	0.871308	4
org.mozilla.firefox	9901	DefaultDispatch	9927	Uninterruptible Sleep + Wake Kill	3.477845	1.159281	3
org.mozilla.firefox:tab0	12875	StyleThread#0	13060	Runnable	3.469923	0.28916	12
org.mozilla.firefox	9901	arch_disk_io_3	9964	Running	3.447384	0.689476	5
org.mozilla.firefox:media	13077	SharedPreferenc	13098	Running	3.442155	0.382461	9
org.mozilla.firefox:tab0	12875	StyleThread#0	13060	Uninterruptible Sleep + Wake Kill	3.414771	1.138257	3
org.mozilla.firefox	9901	mali-hist-dump	10039	Runnable (Preempted)	3.365541	0.305958	11
org.mozilla.firefox:media	13077	ReferenceQueueD	13091	Runnable	3.35777	0.305251	11
org.mozilla.firefox	9901	pool-6-thread-2	10514	Uninterruptible Sleep	3.268848	0.272404	12
kthreadd	2	kauditd	255	Runnable (Preempted)	3.184461	0.796115	4
org.mozilla.firefox:media	13077	SharedPreferenc	13098	Runnable	3.154999	0.788749	4
org.mozilla.firefox	9901	queued-work-loo	9942	Runnable (Preempted)	3.145078	0.314507	10
org.mozilla.firefox	9901	StreamTrans #10	13075	Runnable (Preempted)	3.143925	0.314392	10
/system/bin/surfaceflinger	3534	surfaceflinger	3547	Uninterruptible Sleep + Wake Kill	3.110615	1.036871	3
org.mozilla.firefox	9901	Adjust-pool-22-	10030	Uninterruptible Sleep	3.087767	0.257313	12
org.mozilla.firefox:tab0	12875	StyleThread#1	13061	Runnable	3.080078	0.513346	6
org.mozilla.firefox	9901	mali-mem-purge	10033	Uninterruptible Sleep	3.035308	0.30353	10
org.mozilla.firefox	9901	StreamTrans #13	13190	Runnable	3.000154	0.60003	5
org.mozilla.firefox	9901	pool-48-thread-	12867	Runnable	2.878847	0.719711	4
org.mozilla.firefox	9901	DefaultDispatch	9949	Runnable (Preempted)	2.836615	0.945538	3
org.mozilla.firefox	9901	StreamTrans #12	13133	Runnable (Preempted)	2.771001	0.13855	20
/system/bin/surfaceflinger	3534	SWWatchDog	3634	Runnable	2.761077	0.046017	60
org.mozilla.firefox:media	13077	FinalizerWatchd	13093	Uninterruptible Sleep + Wake Kill	2.75077	0.916923	3
org.mozilla.firefox:media	13077	FinalizerDaemon	13092	Runnable (Preempted)	2.710769	2.710769	1
org.mozilla.firefox:tab0	12875	HTML5 Parser	13059	Running	2.683	0.2683	10
org.mozilla.firefox	9901	FinalizerWatchd	9916	Runnable	2.672153	0.53443	5
org.mozilla.firefox	9901	Adjust-pool-22-	10030	Running	2.665004	0.166562	16
org.mozilla.firefox:tab0	12875	ImageIO	12938	Running	2.644693	0.330586	8
/system/bin/surfaceflinger	3534	HwBinder:3534_1	3575	Uninterruptible Sleep + Wake Kill	2.640846	0.880282	3
org.mozilla.firefox	9901	StreamTrans #13	13189	Uninterruptible Sleep + Wake Kill	2.625616	2.625616	1
org.mozilla.firefox	9901	pool-48-thread-	12869	Runnable	2.602846	2.602846	1
kthreadd	2	kworker/3:0	2923	Runnable	2.590692	0.370098	7
org.mozilla.firefox	9901	SSL Cert #4	13015	Uninterruptible Sleep + Wake Kill	2.583077	2.583077	1
org.mozilla.firefox:tab0	12875	ImageIO	12938	Uninterruptible Sleep + Wake Kill	2.581923	1.290961	2
kthreadd	2	mtk charger_hv_	204	Runnable (Preempted)	2.579923	0.18428	14
org.mozilla.firefox:tab0	12875	StyleThread#0	13060	Uninterruptible Sleep	2.574075	0.367725	7
org.mozilla.firefox	9901	Adjust-pool-46-	12799	Runnable	2.570692	0.856897	3
kthreadd	2	display_esd_che	183	Runnable	2.559153	0.067346	38
org.mozilla.firefox	9901	DefaultExecutor	13073	Running	2.434001	0.2434	10
kthreadd	2	kworker/2:2	8343	Runnable (Preempted)	2.42754	0.269726	9
org.mozilla.firefox	9901	JS Helper	9992	Runnable (Preempted)	2.397	0.59925	4
kthreadd	2	mtk_wmtd	390	Running	2.348846	0.061811	38
kthreadd	2	f2fs_gc-253:0	553	Runnable	2.334077	2.334077	1
org.mozilla.firefox:media	13077	FinalizerDaemon	13092	Running	2.310536	0.121607	19
org.mozilla.firefox	9901	StreamTrans #13	13188	Runnable (Preempted)	2.299385	0.766461	3
org.mozilla.firefox:tab0	12875	MediaSupervisor	13128	Uninterruptible Sleep	2.281153	0.253461	9
org.mozilla.firefox	9901	DefaultDispatch	9950	Runnable (Preempted)	2.246233	0.160445	14
org.mozilla.firefox:tab0	12875	HTML5 Parser	13059	Uninterruptible Sleep + Wake Kill	2.20177	1.100885	2
org.mozilla.firefox	9901	StreamTrans #12	13125	Sleeping	2.195384	0.731794	3
org.mozilla.firefox	9901	JS Helper	9993	Uninterruptible Sleep + Wake Kill	2.16077	2.16077	1
org.mozilla.firefox:tab0	12875	StreamTrans #3	13064	Runnable	2.142693	0.178557	12
org.mozilla.firefox:tab0	12875	StyleThread#1	13061	Runnable (Preempted)	2.140231	2.140231	1
kthreadd	2	kworker/u9:4	7927	Sleeping	2.123846	1.061923	2
org.mozilla.firefox:media	13077	ReferenceQueueD	13091	Uninterruptible Sleep + Wake Kill	2.121462	0.707154	3
kthreadd	2	ion_mm_heap	63	Runnable	2.111076	0.703692	3
org.mozilla.firefox	9901	ReferenceQueueD	9914	Runnable (Preempted)	2.105384	0.300769	7
/system/bin/surfaceflinger	3534	Binder:3534_2	3546	Uninterruptible Sleep + Wake Kill	2.100922	0.700307	3
org.mozilla.firefox:tab0	12875	StreamTrans #4	13065	Runnable (Preempted)	2.090231	1.045115	2
org.mozilla.firefox:tab0	12875	StreamTrans #3	13064	Running	2.081999	0.138799	15
org.mozilla.firefox	9901	StreamTrans #13	13193	Runnable	2.068847	1.034423	2
org.mozilla.firefox:media	13077	Binder:13077_2	13095	Uninterruptible Sleep	2.064617	0.688205	3
org.mozilla.firefox	9901	StreamTrans #13	13139	Runnable	2.053845	0.684615	3
kthreadd	2	mtk_wmtd	390	Runnable (Preempted)	2.049462	0.683154	3
org.mozilla.firefox	9901	pool-35-thread-	10517	Running	2.011616	0.223512	9
org.mozilla.firefox	9901	pool-5-thread-3	12796	Runnable	1.997846	0.998923	2
org.mozilla.firefox	9901	pool-48-thread-	12868	Runnable	1.969461	1.969461	1
org.mozilla.firefox:tab0	12875	StreamTrans #4	13065	Running	1.957619	0.150586	13
org.mozilla.firefox	9901	StreamTrans #11	13118	Uninterruptible Sleep	1.950693	1.950693	1
org.mozilla.firefox:tab0	12875	Binder:12875_4	13114	Uninterruptible Sleep + Wake Kill	1.908	0.954	2
org.mozilla.firefox	9901	pool-49-thread-	12863	Runnable	1.907847	0.635949	3
org.mozilla.firefox:tab0	12875	StyleThread#1	13061	Uninterruptible Sleep + Wake Kill	1.873616	0.936808	2
org.mozilla.firefox	9901	StreamTrans #12	13130	Sleeping	1.871384	0.935692	2
org.mozilla.firefox:tab0	12875	ImageIO	12938	Runnable	1.843923	0.368784	5
kthreadd	2	kworker/u9:5	8877	Uninterruptible Sleep	1.839385	0.153282	12
org.mozilla.firefox:tab0	12875	JS Helper	12923	Uninterruptible Sleep	1.768847	0.589615	3
/system/bin/surfaceflinger	3534	mali-cmar-backe	3572	Runnable	1.765307	0.04012	44
org.mozilla.firefox	9901	DefaultExecutor	13073	Uninterruptible Sleep	1.742077	0.435519	4
org.mozilla.firefox	9901	mali-utility-wo	10037	Runnable	1.735536	0.192837	9
org.mozilla.firefox	9901	StreamTrans #12	13124	Runnable	1.729616	0.864808	2
org.mozilla.firefox:media	13077	ReferenceQueueD	13091	Running	1.729385	0.108086	16
kthreadd	2	dlpt_notify_thr	60	Running	1.725618	0.101506	17
org.mozilla.firefox	9901	StreamTrans #10	13016	Runnable (Preempted)	1.713693	0.856846	2
org.mozilla.firefox	9901	StreamTrans #13	13188	Running	1.698385	0.283064	6
org.mozilla.firefox	9901	Timer	10020	Runnable (Preempted)	1.670539	0.417634	4
org.mozilla.firefox:media	13077	Signal Catcher	13089	Runnable (Preempted)	1.66277	1.66277	1
org.mozilla.firefox	9901	StreamTrans #11	13118	Runnable	1.617385	0.808692	2
org.mozilla.firefox:media	13077	Runtime worker	13088	Sleeping	1.588922	0.794461	2
org.mozilla.firefox:tab0	12875	StyleThread#0	13060	Running	1.574463	0.112461	14
org.mozilla.firefox	9901	pool-44-thread-	12783	Uninterruptible Sleep + Wake Kill	1.57277	1.57277	1
kthreadd	2	btif_rxd	164	Running	1.562303	0.071013	22
org.mozilla.firefox:media	13077	Signal Catcher	13089	Sleeping	1.499922	0.749961	2
org.mozilla.firefox	9901	pool-48-thread-	12867	Running	1.475769	0.245961	6
org.mozilla.firefox:tab0	12875	la.firefox:tab0	12875	Runnable (Preempted)	1.458076	0.145807	10
org.mozilla.firefox:media	13077	FinalizerWatchd	13093	Runnable	1.449154	0.181144	8
org.mozilla.firefox	9901	arch_disk_io_1	9947	Running	1.443154	0.721577	2
org.mozilla.firefox	9901	StreamTrans #11	13113	Runnable (Preempted)	1.434846	1.434846	1
org.mozilla.firefox	9901	HeapTaskDaemon	9913	Uninterruptible Sleep	1.429538	0.714769	2
org.mozilla.firefox	9901	DefaultExecutor	13073	Runnable	1.421769	0.203109	7
org.mozilla.firefox	9901	JS Helper	9993	Runnable (Preempted)	1.412	0.2824	5
org.mozilla.firefox	9901	JS Helper	9993	Running	1.397846	0.17473	8
org.mozilla.firefox	9901	StreamTrans #11	13120	Runnable (Preempted)	1.391692	1.391692	1
org.mozilla.firefox	9901	pool-8-thread-3	13069	Uninterruptible Sleep	1.362385	0.272477	5
org.mozilla.firefox:media	13077	FinalizerWatchd	13093	Runnable (Preempted)	1.34877	1.34877	1
org.mozilla.firefox	9901	StreamTrans #12	13125	Running	1.344924	0.067246	20
org.mozilla.firefox	9901	arch_disk_io_0	9945	Running	1.341231	0.223538	6
org.mozilla.firefox:tab0	12875	StyleThread#2	13062	Running	1.326228	0.09473	14
kthreadd	2	display_idle_de	188	Running	1.307693	0.065384	20
org.mozilla.firefox	9901	StreamTrans #11	13115	Running	1.29131	0.092236	14
org.mozilla.firefox	9901	StreamTrans #13	13178	Running	1.287769	0.128776	10
org.mozilla.firefox	9901	StreamTrans #13	13178	Runnable (Preempted)	1.28577	0.321442	4
org.mozilla.firefox:tab0	12875	HTML5 Parser	13059	Runnable	1.280923	0.160115	8
org.mozilla.firefox:media	13077	HWC release	13109	Runnable	1.255846	1.255846	1
org.mozilla.firefox	9901	DefaultDispatch	9950	Uninterruptible Sleep	1.246846	0.311711	4
org.mozilla.firefox	9901	StreamTrans #13	13192	Running	1.243692	0.113062	11
org.mozilla.firefox	9901	pool-5-thread-3	12796	Running	1.224924	0.612462	2
org.mozilla.firefox:media	13077	Runtime worker	13086	Sleeping	1.211076	0.605538	2
kthreadd	2	kworker/3:2	8217	Runnable (Preempted)	1.197	0.399	3
org.mozilla.firefox:media	13077	FinalizerWatchd	13093	Running	1.187693	0.118769	10
org.mozilla.firefox	9901	pool-35-thread-	10517	Runnable (Preempted)	1.180692	1.180692	1
org.mozilla.firefox:tab0	12875	TaskController	13068	Running	1.179616	0.196602	6
org.mozilla.firefox:tab0	12875	StyleThread#2	13062	Sleeping	1.17523	0.587615	2
org.mozilla.firefox:tab0	12875	JS Helper	12922	Uninterruptible Sleep	1.166615	0.233323	5
kthreadd	2	kworker/3:1	7631	Runnable (Preempted)	1.164846	1.164846	1
/system/bin/surfaceflinger	3534	GPU completion	26149	Running	1.162154	0.083011	14
org.mozilla.firefox:tab0	12875	TaskController	13067	Runnable	1.15	0.23	5
org.mozilla.firefox	9901	Adjust-pool-22-	10030	Runnable (Preempted)	1.141846	0.380615	3
org.mozilla.firefox	9901	StreamTrans #12	13129	Running	1.140615	0.285153	4
org.mozilla.firefox	9901	StreamTrans #13	13178	Uninterruptible Sleep + Wake Kill	1.138	1.138	1
org.mozilla.firefox	9901	pool-8-thread-3	13069	Uninterruptible Sleep + Wake Kill	1.134846	1.134846	1
org.mozilla.firefox	9901	StreamTrans #12	13129	Runnable	1.130846	0.565423	2
org.mozilla.firefox:tab0	12875	StyleThread#1	13061	Running	1.108539	0.123171	9
org.mozilla.firefox	9901	hwuiTask1	10260	Sleeping	1.10623	0.553115	2
org.mozilla.firefox	9901	FinalizerWatchd	9916	Running	1.101463	0.220292	5
org.mozilla.firefox	9901	StreamTrans #11	13115	Uninterruptible Sleep	1.096231	1.096231	1
org.mozilla.firefox:tab0	12875	Thread-6	13122	Uninterruptible Sleep	1.093692	0.156241	7
org.mozilla.firefox	9901	StreamTrans #13	13191	Runnable	1.092845	0.18214	6
org.mozilla.firefox	9901	StreamTrans #13	13138	Running	1.090077	0.136259	8
org.mozilla.firefox	9901	StreamTrans #11	13119	Running	1.072772	0.097524	11
org.mozilla.firefox:media	13077	Signal Catcher	13089	Running	1.046615	0.348871	3
org.mozilla.firefox	9901	StreamTrans #13	13190	Running	1.036539	0.148077	7
org.mozilla.firefox	9901	StreamTrans #12	13136	Running	1.032924	0.14756	7
org.mozilla.firefox	9901	StreamTrans #11	13113	Running	0.98523	0.123153	8
org.mozilla.firefox	9901	Adjust-pool-41-	11071	Uninterruptible Sleep + Wake Kill	0.984539	0.984539	1
org.mozilla.firefox	9901	StreamTrans #13	13191	Running	0.984153	0.098415	10
org.mozilla.firefox	9901	StreamTrans #11	13115	Uninterruptible Sleep + Wake Kill	0.968385	0.968385	1
kthreadd	2	kworker/u9:1	8199	Uninterruptible Sleep	0.962692	0.481346	2
org.mozilla.firefox	9901	StreamTrans #12	13134	Running	0.958308	0.191661	5
org.mozilla.firefox	9901	StreamTrans #12	13136	Runnable (Preempted)	0.956769	0.956769	1
org.mozilla.firefox	9901	hwuiTask1	10260	Running	0.954154	0.318051	3
org.mozilla.firefox	9901	pool-35-thread-	10517	Uninterruptible Sleep + Wake Kill	0.943308	0.471654	2
org.mozilla.firefox	9901	StreamTrans #12	13131	Running	0.941921	0.188384	5
media.codec	672	MtkOmxVdecThrea	13102	Uninterruptible Sleep	0.937999	0.187599	5
org.mozilla.firefox	9901	pool-35-thread-	10517	Uninterruptible Sleep	0.932692	0.186538	5
org.mozilla.firefox	9901	StreamTrans #12	13137	Running	0.929615	0.309871	3
org.mozilla.firefox	9901	StreamTrans #11	13107	Runnable	0.922692	0.461346	2
org.mozilla.firefox	9901	StreamTrans #12	13135	Running	0.91254	0.114067	8
org.mozilla.firefox	9901	StreamTrans #11	13110	Running	0.910615	0.182123	5
media.codec	672	HwBinder:672_C	13105	Runnable (Preempted)	0.891846	0.222961	4
org.mozilla.firefox	9901	StreamTrans #13	13189	Running	0.891153	0.17823	5
org.mozilla.firefox	9901	StreamTrans #11	13120	Running	0.888693	0.126956	7
org.mozilla.firefox	9901	StreamTrans #10	12865	Runnable	0.878	0.439	2
kthreadd	2	mtk_stp_psm	388	Running	0.86846	0.041355	21
/system/bin/surfaceflinger	3534	surfaceflinger	3551	Uninterruptible Sleep	0.863077	0.431538	2
org.mozilla.firefox:tab0	12875	StyleThread#2	13062	Uninterruptible Sleep + Wake Kill	0.856615	0.214153	4
org.mozilla.firefox	9901	HWC release	10237	Runnable	0.856461	0.214115	4
org.mozilla.firefox	9901	StreamTrans #13	13193	Running	0.853615	0.284538	3
org.mozilla.firefox	9901	StreamTrans #11	13107	Running	0.850001	0.2125	4
org.mozilla.firefox	9901	StreamTrans #11	13120	Uninterruptible Sleep + Wake Kill	0.847923	0.847923	1
org.mozilla.firefox	9901	StreamTrans #11	13121	Uninterruptible Sleep + Wake Kill	0.842923	0.421461	2
kthreadd	2	ion_mm_heap_for	65	Running	0.831539	0.092393	9
org.mozilla.firefox	9901	pool-44-thread-	12783	Running	0.825692	0.412846	2
org.mozilla.firefox	9901	pool-49-thread-	12863	Running	0.818076	0.272692	3
org.mozilla.firefox:tab0	12875	TaskController	13066	Runnable	0.817384	0.204346	4
org.mozilla.firefox	9901	StreamTrans #12	13124	Running	0.813615	0.271205	3
/system/bin/surfaceflinger	3534	Binder:3534_5	4093	Uninterruptible Sleep + Wake Kill	0.810846	0.810846	1
org.mozilla.firefox:tab0	12875	ImageIO	12938	Runnable (Preempted)	0.803616	0.401808	2
org.mozilla.firefox	9901	StreamTrans #11	13118	Running	0.78523	0.130871	6
org.mozilla.firefox:tab0	12875	Binder:12875_A	13209	Uninterruptible Sleep	0.784385	0.784385	1
org.mozilla.firefox	9901	StreamTrans #13	13140	Running	0.780307	0.195076	4
/system/bin/surfaceflinger	3534	surfaceflinger	3550	Runnable (Preempted)	0.767847	0.191961	4
org.mozilla.firefox	9901	SSL Cert #4	13015	Running	0.767692	0.127948	6
org.mozilla.firefox:tab0	12875	JS Helper	12921	Uninterruptible Sleep	0.757461	0.151492	5
org.mozilla.firefox:tab0	12875	Binder:12875_5	13123	Uninterruptible Sleep	0.745461	0.186365	4
org.mozilla.firefox:media	13077	Runtime worker	13086	Runnable (Preempted)	0.74123	0.370615	2
org.mozilla.firefox	9901	Adjust-pool-22-	10030	Runnable	0.740999	0.056999	13
org.mozilla.firefox:media	13077	FinalizerDaemon	13092	Uninterruptible Sleep + Wake Kill	0.740154	0.740154	1
org.mozilla.firefox	9901	pool-8-thread-3	13069	Runnable	0.737386	0.073738	10
media.codec	672	HwBinder:672_C	13105	Uninterruptible Sleep + Wake Kill	0.718461	0.239487	3
kthreadd	2	kworker/3:2	8217	Uninterruptible Sleep	0.715385	0.715385	1
org.mozilla.firefox	9901	pool-38-thread-	10625	Running	0.710616	0.710616	1
org.mozilla.firefox	9901	StreamTrans #13	13139	Running	0.696539	0.174134	4
org.mozilla.firefox	9901	arch_disk_io_3	9964	Uninterruptible Sleep + Wake Kill	0.692078	0.346039	2
org.mozilla.firefox	9901	StreamTrans #12	13130	Running	0.691617	0.230539	3
kthreadd	2	btif_rxd	164	Uninterruptible Sleep + Wake Kill	0.680077	0.680077	1
org.mozilla.firefox:tab0	12875	TaskController	13067	Running	0.66323	0.094747	7
org.mozilla.firefox	9901	pool-48-thread-	12868	Running	0.659385	0.659385	1
org.mozilla.firefox	9901	arch_disk_io_0	9945	Runnable (Preempted)	0.651231	0.217077	3
org.mozilla.firefox:tab0	12875	StreamTrans #1	13057	Runnable (Preempted)	0.649154	0.324577	2
org.mozilla.firefox	9901	StreamTrans #12	13134	Runnable	0.645693	0.322846	2
org.mozilla.firefox	9901	arch_disk_io_0	9945	Uninterruptible Sleep	0.642231	0.321115	2
org.mozilla.firefox	9901	JS Helper	9993	Runnable	0.635923	0.211974	3
org.mozilla.firefox	9901	StreamTrans #12	13135	Runnable (Preempted)	0.627615	0.313807	2
/system/bin/surfaceflinger	3534	mali-mem-purge	3567	Runnable	0.618846	0.047603	13
kthreadd	2	f2fs_discard-25	552	Running	0.617156	0.077144	8
org.mozilla.firefox	9901	pool-49-thread-	12863	Uninterruptible Sleep	0.613308	0.613308	1
org.mozilla.firefox:tab0	12875	StreamTrans #3	13064	Runnable (Preempted)	0.605384	0.605384	1
org.mozilla.firefox	9901	StreamTrans #10	12865	Running	0.602847	0.301423	2
org.mozilla.firefox	9901	Adjust-pool-41-	11071	Runnable (Preempted)	0.601001	0.100166	6
kthreadd	2	wdtk-0	219	Runnable	0.599154	0.299577	2
org.mozilla.firefox	9901	FinalizerDaemon	9915	Sleeping	0.577075	0.192358	3
org.mozilla.firefox	9901	pool-48-thread-	12869	Running	0.567462	0.567462	1
org.mozilla.firefox:tab0	12875	Thread-2	13071	Uninterruptible Sleep	0.565076	0.113015	5
org.mozilla.firefox:media	13077	SharedPreferenc	13098	Uninterruptible Sleep + Wake Kill	0.557385	0.557385	1
/system/bin/surfaceflinger	3534	GPU completion	26149	Runnable	0.537693	0.038406	14
org.mozilla.firefox:media	13077	Runtime worker	13088	Running	0.518308	0.129577	4
kthreadd	2	mtk_wmtd	390	Uninterruptible Sleep	0.476539	0.158846	3
org.mozilla.firefox	9901	Adjust-pool-46-	12799	Running	0.474616	0.158205	3
/system/bin/surfaceflinger	3534	Binder:3534_1	3543	Runnable	0.465693	0.465693	1
kthreadd	2	kworker/3:2H	18820	Runnable	0.465309	0.033236	14
org.mozilla.firefox	9901	HWC release	10237	Running	0.45231	0.113077	4
kthreadd	2	migration/1	14	Runnable	0.452232	0.064604	7
/system/bin/surfaceflinger	3534	surfaceflinger	3547	Runnable (Preempted)	0.447846	0.149282	3
org.mozilla.firefox:tab0	12875	StyleThread#2	13062	Runnable (Preempted)	0.440847	0.220423	2
org.mozilla.firefox:media	13077	Runtime worker	13087	Running	0.435385	0.435385	1
org.mozilla.firefox	9901	queued-work-loo	9942	Uninterruptible Sleep + Wake Kill	0.435077	0.217538	2
org.mozilla.firefox:tab0	12875	Binder:12875_9	13160	Uninterruptible Sleep	0.43077	0.43077	1
kthreadd	2	migration/3	24	Runnable	0.430616	0.030758	14
org.mozilla.firefox:media	13077	Runtime worker	13086	Running	0.422462	0.105615	4
org.mozilla.firefox	9901	pool-48-thread-	12867	Runnable (Preempted)	0.405769	0.202884	2
org.mozilla.firefox	9901	StreamTrans #13	13192	Runnable (Preempted)	0.395154	0.131718	3
org.mozilla.firefox:tab0	12875	ProcessHangMon	12945	Running	0.390385	0.195192	2
kthreadd	2	wdtk-3	224	Running	0.388538	0.04317	9
org.mozilla.firefox:tab0	12875	TaskController	13068	Runnable	0.382462	0.095615	4
kthreadd	2	bat_routine_thr	202	Runnable (Preempted)	0.374	0.187	2
org.mozilla.firefox	9901	ConnectivityThr	9944	Runnable (Preempted)	0.372	0.372	1
org.mozilla.firefox:media	13077	Runtime worker	13085	Running	0.366539	0.183269	2
org.mozilla.firefox:tab0	12875	TaskController	13066	Running	0.364923	0.06082	6
kthreadd	2	dlpt_notify_thr	60	Runnable (Preempted)	0.364769	0.182384	2
org.mozilla.firefox	9901	ProcessHangMon	12901	Running	0.357846	0.357846	1
/system/bin/surfaceflinger	3534	Binder:3534_1	3543	Running	0.349615	0.087403	4
org.mozilla.firefox	9901	StreamTrans #11	13119	Runnable (Preempted)	0.349537	0.116512	3
org.mozilla.firefox	9901	ConnectivityThr	9944	Runnable	0.346308	0.069261	5
kthreadd	2	bat_percent_not	59	Runnable	0.345924	0.086481	4
org.mozilla.firefox	9901	ConnectivityThr	9944	Uninterruptible Sleep + Wake Kill	0.344	0.344	1
org.mozilla.firefox	9901	arch_disk_io_3	9964	Sleeping	0.339153	0.169576	2
kthreadd	2	kworker/1:0	2943	Uninterruptible Sleep	0.333	0.1665	2
org.mozilla.firefox	9901	StreamTrans #12	13124	Sleeping	0.330769	0.165384	2
org.mozilla.firefox	9901	DefaultDispatch	9949	Uninterruptible Sleep	0.322769	0.322769	1
kthreadd	2	pbm	156	Runnable (Preempted)	0.312615	0.312615	1
org.mozilla.firefox	9901	pool-35-thread-	10517	Runnable	0.308923	0.038615	8
org.mozilla.firefox:media	13077	SharedPreferenc	13098	Uninterruptible Sleep	0.303308	0.303308	1
org.mozilla.firefox	9901	StreamTrans #13	13188	Runnable	0.302	0.151	2
org.mozilla.firefox	9901	DefaultDispatch	9955	Uninterruptible Sleep	0.301769	0.150884	2
org.mozilla.firefox:tab0	12875	wifi tickler	13056	Running	0.297693	0.297693	1
kthreadd	2	wdtk-3	224	Runnable	0.297309	0.033034	9
org.mozilla.firefox:media	13077	HwBinder:13077_	13101	Uninterruptible Sleep	0.296615	0.148307	2
media.codec	672	HwBinder:672_12	6463	Running	0.294385	0.147192	2
org.mozilla.firefox	9901	JS Helper	9990	Running	0.289384	0.144692	2
org.mozilla.firefox	9901	arch_disk_io_1	9947	Sleeping	0.284461	0.14223	2
kthreadd	2	file-storage	1853	Runnable (Preempted)	0.283001	0.094333	3
org.mozilla.firefox	9901	StreamTrans #13	13191	Runnable (Preempted)	0.282078	0.141039	2
org.mozilla.firefox:tab0	12875	StyleThread#2	13062	Uninterruptible Sleep	0.273308	0.091102	3
org.mozilla.firefox	9901	StreamTrans #13	13178	Sleeping	0.266078	0.066519	4
org.mozilla.firefox	9901	arch_disk_io_3	9964	Uninterruptible Sleep	0.265693	0.265693	1
kthreadd	2	bat_update_thre	203	Runnable	0.259385	0.064846	4
kthreadd	2	kworker/1:1	21026	Runnable	0.249308	0.249308	1
kthreadd	2	kworker/3:2H	18820	Running	0.249151	0.017796	14
media.codec	672	MtkOmxVdecConve	13104	Running	0.236154	0.078718	3
org.mozilla.firefox	9901	StreamTrans #12	13137	Sleeping	0.224769	0.112384	2
org.mozilla.firefox	9901	StreamTrans #10	12865	Sleeping	0.219615	0.219615	1
kthreadd	2	wdtk-2	221	Running	0.217539	0.108769	2
org.mozilla.firefox	9901	arch_disk_io_2	9961	Running	0.213231	0.213231	1
kthreadd	2	wdtk-0	219	Running	0.211616	0.105808	2
org.mozilla.firefox	9901	DefaultExecutor	13073	Uninterruptible Sleep + Wake Kill	0.211461	0.211461	1
org.mozilla.firefox	9901	arch_disk_io_0	9945	Runnable	0.208307	0.069435	3
kthreadd	2	migration/2	19	Runnable	0.198308	0.028329	7
org.mozilla.firefox	9901	Thread-25	13117	Running	0.196076	0.196076	1
kthreadd	2	migration/0	10	Runnable	0.18708	0.026725	7
org.mozilla.firefox	9901	Netlink Monitor	9983	Running	0.187077	0.187077	1
org.mozilla.firefox	9901	SSL Cert #4	13015	Runnable	0.182539	0.091269	2
kthreadd	2	bat_percent_not	59	Running	0.176461	0.044115	4
org.mozilla.firefox	9901	arch_disk_io_3	9964	Runnable	0.172692	0.043173	4
kthreadd	2	wdtk-1	220	Running	0.170923	0.085461	2
kthreadd	2	kworker/3:0	2923	Running	0.166154	0.023736	7
org.mozilla.firefox:media	13077	GPU completion	13111	Running	0.161923	0.080961	2
kthreadd	2	hang_detect	180	Running	0.154231	0.154231	1
org.mozilla.firefox	9901	arch_disk_io_1	9947	Runnable	0.153	0.0765	2
org.mozilla.firefox:media	13077	FinalizerWatchd	13093	Uninterruptible Sleep	0.152461	0.152461	1
org.mozilla.firefox:media	13077	HWC release	13109	Running	0.152231	0.076115	2
org.mozilla.firefox:tab0	12875	HTML5 Parser	13059	Runnable (Preempted)	0.151847	0.151847	1
/system/bin/surfaceflinger	3534	mali-mem-purge	3567	Uninterruptible Sleep	0.150462	0.050154	3
org.mozilla.firefox:tab0	12875	ProcessHangMon	12945	Runnable	0.148307	0.074153	2
kthreadd	2	migration/3	24	Running	0.146154	0.010439	14
kthreadd	2	bat_update_thre	203	Running	0.135309	0.033827	4
kthreadd	2	kworker/dying	8767	Running	0.133231	0.133231	1
org.mozilla.firefox:media	13077	Runtime worker	13088	Runnable	0.125309	0.041769	3
org.mozilla.firefox:tab0	12875	JS Helper	12924	Uninterruptible Sleep	0.122307	0.030576	4
org.mozilla.firefox:media	13077	Runtime worker	13086	Runnable	0.121462	0.121462	1
media.codec	672	MtkOmxVdecConve	13104	Uninterruptible Sleep + Wake Kill	0.118077	0.118077	1
org.mozilla.firefox:tab0	12875	StyleThread#0	13060	Runnable (Preempted)	0.117076	0.117076	1
media.codec	672	HwBinder:672_12	6463	Runnable (Preempted)	0.113692	0.113692	1
/system/bin/surfaceflinger	3534	surfaceflinger	3534	Runnable (Preempted)	0.104307	0.026076	4
kthreadd	2	wdtk-2	221	Runnable	0.102768	0.051384	2
org.mozilla.firefox	9901	pool-8-thread-3	13069	Runnable (Preempted)	0.100154	0.100154	1
kthreadd	2	wdtk-1	220	Runnable	0.097231	0.048615	2
org.mozilla.firefox	9901	StreamTrans #13	13138	Runnable (Preempted)	0.095461	0.095461	1
org.mozilla.firefox	9901	StreamTrans #12	13125	Runnable (Preempted)	0.089846	0.089846	1
org.mozilla.firefox	9901	hwuiTask1	10260	Uninterruptible Sleep	0.088769	0.088769	1
media.codec	672	MtkOmxVdecThrea	13102	Uninterruptible Sleep + Wake Kill	0.081923	0.081923	1
kthreadd	2	mmcqd/0	211	Runnable (Preempted)	0.080616	0.026872	3
media.codec	672	MtkOmxVdecConve	13104	Uninterruptible Sleep	0.080307	0.080307	1
/system/bin/surfaceflinger	3534	DispSync	3545	Runnable (Preempted)	0.076462	0.038231	2
org.mozilla.firefox	9901	mali-utility-wo	10037	Runnable (Preempted)	0.074307	0.074307	1
org.mozilla.firefox	9901	StreamTrans #12	13136	Uninterruptible Sleep + Wake Kill	0.072307	0.072307	1
kthreadd	2	kbase_event	12928	Running	0.069308	0.069308	1
/system/bin/surfaceflinger	3534	mali-cmar-backe	3572	Uninterruptible Sleep	0.068308	0.013661	5
org.mozilla.firefox	9901	StreamTrans #10	13016	Uninterruptible Sleep	0.065846	0.032923	2
org.mozilla.firefox:media	13077	Signal Catcher	13089	Runnable	0.065231	0.065231	1
org.mozilla.firefox	9901	arch_disk_io_2	9961	Runnable	0.064692	0.064692	1
/system/bin/surfaceflinger	3534	Binder:3534_4	3882	Uninterruptible Sleep	0.061231	0.061231	1
org.mozilla.firefox	9901	Netlink Monitor	9983	Runnable	0.06	0.06	1
media.codec	672	HwBinder:672_12	6463	Runnable	0.057462	0.057462	1
kthreadd	2	kworker/u9:4	7927	Running	0.053999	0.026999	2
org.mozilla.firefox:media	13077	Runtime worker	13088	Uninterruptible Sleep	0.05323	0.05323	1
org.mozilla.firefox	9901	StreamTrans #12	13129	Sleeping	0.052923	0.052923	1
org.mozilla.firefox	9901	StreamTrans #11	13119	Uninterruptible Sleep	0.052231	0.052231	1
media.codec	672	MtkOmxVdecConve	13104	Runnable	0.05077	0.025385	2
kthreadd	2	kworker/dying	8767	Runnable	0.050077	0.050077	1
org.mozilla.firefox	9901	pool-44-thread-	12783	Runnable	0.046769	0.046769	1
org.mozilla.firefox:media	13077	GPU completion	13111	Runnable (Preempted)	0.046385	0.046385	1
kthreadd	2	kworker/1:1	21026	Running	0.045846	0.045846	1
org.mozilla.firefox:tab0	12875	StyleThread#1	13061	Sleeping	0.043845	0.021922	2
org.mozilla.firefox	9901	StreamTrans #13	13191	Uninterruptible Sleep + Wake Kill	0.043308	0.043308	1
org.mozilla.firefox:media	13077	Runtime worker	13085	Uninterruptible Sleep + Wake Kill	0.042461	0.042461	1
org.mozilla.firefox	9901	ProcessHangMon	12901	Runnable	0.039616	0.039616	1
org.mozilla.firefox	9901	pool-38-thread-	10625	Runnable	0.038384	0.038384	1
kthreadd	2	kworker/0:2	9328	Running	0.037077	0.037077	1
kthreadd	2	rcu_sched	8	Runnable (Preempted)	0.034539	0.034539	1
kthreadd	2	hang_detect	180	Runnable	0.033462	0.033462	1
kthreadd	2	kworker/3:1	7631	Uninterruptible Sleep	0.030155	0.010051	3
/system/bin/surfaceflinger	3534	surfaceflinger	3547	Uninterruptible Sleep	0.028769	0.028769	1
kthreadd	2	kbase_event	12928	Runnable	0.028308	0.028308	1
kthreadd	2	f2fs_gc-253:0	553	Running	0.027846	0.027846	1
org.mozilla.firefox:media	13077	Runtime worker	13088	Uninterruptible Sleep + Wake Kill	0.026846	0.026846	1
media.codec	672	HwBinder:672_C	13105	Uninterruptible Sleep	0.024769	0.024769	1
org.mozilla.firefox:tab0	12875	StyleThread#1	13061	Uninterruptible Sleep	0.022768	0.011384	2
org.mozilla.firefox	9901	pool-48-thread-	12867	Uninterruptible Sleep + Wake Kill	0.022616	0.022616	1
/system/bin/surfaceflinger	3534	Binder:3534_5	4093	Uninterruptible Sleep	0.021231	0.021231	1
org.mozilla.firefox	9901	GPU completion	10238	Uninterruptible Sleep	0.017461	0.00873	2
kthreadd	2	kworker/0:2	9328	Runnable	0.015769	0.015769	1
org.mozilla.firefox	9901	StreamTrans #13	13192	Uninterruptible Sleep	0.012153	0.012153	1
org.mozilla.firefox	9901	JS Helper	9993	Sleeping	0.008307	0.004153	2
org.mozilla.firefox	9901	Gecko_IOThread	9981	Uninterruptible Sleep	0.007846	0.007846	1
org.mozilla.firefox:media	13077	HWC release	13109	Uninterruptible Sleep	0.006154	0.006154	1
org.mozilla.firefox	9901	Adjust-pool-41-	11071	Sleeping	0.006075	0.003037	2
org.mozilla.firefox	9901	Adjust-pool-46-	12799	Sleeping	0.005999	0.002999	2
kthreadd	2	hang_detect	180	Uninterruptible Sleep	-0.000001	-0.000001	1
kthreadd	2	f2fs_gc-253:0	553	Sleeping	-0.000001	-0.000001	1
kthreadd	2	kworker/dying	8767	Task Dead	-0.000001	-0.000001	1
kthreadd	2	kworker/0:2	9328	Sleeping	-0.000001	-0.000001	1
kthreadd	2	kbase_event	12928	Task Dead	-0.000001	-0.000001	1
kthreadd	2	kworker/1:1	21026	Sleeping	-0.000001	-0.000001	1
media.codec	672	HwBinder:672_12	6463	Sleeping	-0.000001	-0.000001	1
/system/bin/surfaceflinger	3534	Binder:3534_1	3543	Sleeping	-0.000001	-0.000001	1
org.mozilla.firefox	9901	arch_disk_io_0	9945	Sleeping	-0.000001	-0.000001	1
org.mozilla.firefox	9901	arch_disk_io_2	9961	Sleeping	-0.000001	-0.000001	1
org.mozilla.firefox	9901	Netlink Monitor	9983	Sleeping	-0.000001	-0.000001	1
org.mozilla.firefox	9901	JS Helper	9990	Sleeping	-0.000001	-0.000001	1
org.mozilla.firefox	9901	JS Helper	9992	Sleeping	-0.000001	-0.000001	1
org.mozilla.firefox	9901	pool-16-thread-	10019	Sleeping	-0.000001	-0.000001	1
org.mozilla.firefox	9901	Adjust-pool-22-	10030	Sleeping	-0.000001	-0.000001	1
org.mozilla.firefox	9901	pool-6-thread-2	10514	Sleeping	-0.000001	-0.000001	1
org.mozilla.firefox	9901	pool-35-thread-	10517	Task Dead	-0.000001	-0.000001	1
org.mozilla.firefox	9901	pool-38-thread-	10625	Task Dead	-0.000001	-0.000001	1
org.mozilla.firefox	9901	pool-44-thread-	12783	Task Dead	-0.000001	-0.000001	1
org.mozilla.firefox	9901	pool-49-thread-	12863	Task Dead	-0.000001	-0.000001	1
org.mozilla.firefox	9901	StreamTrans #10	12865	Task Dead	-0.000001	-0.000001	1
org.mozilla.firefox	9901	pool-48-thread-	12867	Task Dead	-0.000001	-0.000001	1
org.mozilla.firefox	9901	pool-48-thread-	12868	Task Dead	-0.000001	-0.000001	1
org.mozilla.firefox	9901	pool-48-thread-	12869	Task Dead	-0.000001	-0.000001	1
org.mozilla.firefox	9901	ProcessHangMon	12901	Sleeping	-0.000001	-0.000001	1
org.mozilla.firefox	9901	SSL Cert #4	13015	Task Dead	-0.000001	-0.000001	1
org.mozilla.firefox:tab0	12875	ProcessHangMon	12945	Sleeping	-0.000001	-0.000001	1
org.mozilla.firefox:tab0	12875	wifi tickler	13056	Sleeping	-0.000001	-0.000001	1
org.mozilla.firefox:tab0	12875	StreamTrans #1	13057	Task Dead	-0.000001	-0.000001	1
org.mozilla.firefox:tab0	12875	StyleThread#0	13060	Sleeping	-0.000001	-0.000001	1
org.mozilla.firefox	9901	StreamTrans #10	13063	Task Dead	-0.000001	-0.000001	1
org.mozilla.firefox:tab0	12875	StreamTrans #3	13064	Task Dead	-0.000001	-0.000001	1
org.mozilla.firefox:tab0	12875	StreamTrans #4	13065	Task Dead	-0.000001	-0.000001	1
org.mozilla.firefox	9901	pool-8-thread-3	13069	Sleeping	-0.000001	-0.000001	1
org.mozilla.firefox	9901	DefaultExecutor	13073	Task Dead	-0.000001	-0.000001	1
org.mozilla.firefox	9901	StreamTrans #11	13076	Task Dead	-0.000001	-0.000001	1
org.mozilla.firefox:media	13077	Runtime worker	13085	Sleeping	-0.000001	-0.000001	1
org.mozilla.firefox:media	13077	Runtime worker	13087	Sleeping	-0.000001	-0.000001	1
org.mozilla.firefox:media	13077	SharedPreferenc	13098	Task Dead	-0.000001	-0.000001	1
media.codec	672	MtkOmxVdecConve	13104	Sleeping	-0.000001	-0.000001	1
org.mozilla.firefox	9901	StreamTrans #11	13107	Task Dead	-0.000001	-0.000001	1
org.mozilla.firefox:media	13077	HWC release	13109	Sleeping	-0.000001	-0.000001	1
org.mozilla.firefox	9901	StreamTrans #11	13110	Task Dead	-0.000001	-0.000001	1
org.mozilla.firefox:media	13077	GPU completion	13111	Sleeping	-0.000001	-0.000001	1
org.mozilla.firefox	9901	StreamTrans #11	13113	Task Dead	-0.000001	-0.000001	1
org.mozilla.firefox	9901	StreamTrans #11	13115	Task Dead	-0.000001	-0.000001	1
org.mozilla.firefox	9901	Thread-25	13117	Sleeping	-0.000001	-0.000001	1
org.mozilla.firefox	9901	StreamTrans #11	13118	Task Dead	-0.000001	-0.000001	1
org.mozilla.firefox	9901	StreamTrans #11	13119	Task Dead	-0.000001	-0.000001	1
org.mozilla.firefox	9901	StreamTrans #11	13120	Task Dead	-0.000001	-0.000001	1
org.mozilla.firefox	9901	StreamTrans #12	13124	Task Dead	-0.000001	-0.000001	1
org.mozilla.firefox	9901	StreamTrans #12	13125	Task Dead	-0.000001	-0.000001	1
org.mozilla.firefox	9901	StreamTrans #12	13129	Task Dead	-0.000001	-0.000001	1
org.mozilla.firefox	9901	StreamTrans #12	13130	Task Dead	-0.000001	-0.000001	1
org.mozilla.firefox	9901	StreamTrans #12	13131	Task Dead	-0.000001	-0.000001	1
org.mozilla.firefox	9901	StreamTrans #12	13134	Task Dead	-0.000001	-0.000001	1
org.mozilla.firefox	9901	StreamTrans #12	13135	Task Dead	-0.000001	-0.000001	1
org.mozilla.firefox	9901	StreamTrans #12	13136	Task Dead	-0.000001	-0.000001	1
org.mozilla.firefox	9901	StreamTrans #12	13137	Task Dead	-0.000001	-0.000001	1
org.mozilla.firefox	9901	StreamTrans #13	13138	Task Dead	-0.000001	-0.000001	1
org.mozilla.firefox	9901	StreamTrans #13	13139	Task Dead	-0.000001	-0.000001	1
org.mozilla.firefox	9901	StreamTrans #13	13140	Task Dead	-0.000001	-0.000001	1
org.mozilla.firefox	9901	StreamTrans #13	13178	Task Dead	-0.000001	-0.000001	1
org.mozilla.firefox	9901	StreamTrans #13	13188	Task Dead	-0.000001	-0.000001	1
org.mozilla.firefox	9901	StreamTrans #13	13189	Task Dead	-0.000001	-0.000001	1
org.mozilla.firefox	9901	StreamTrans #13	13190	Task Dead	-0.000001	-0.000001	1
org.mozilla.firefox	9901	StreamTrans #13	13191	Task Dead	-0.000001	-0.000001	1
org.mozilla.firefox	9901	StreamTrans #13	13192	Task Dead	-0.000001	-0.000001	1
org.mozilla.firefox	9901	StreamTrans #13	13193	Task Dead	-0.000001	-0.000001	1